COUNTRY,COMPETITION,COMPETITION_ID,BID,NAME,NUM_OF_UPDATES
Africa,CAF Champions League,256,10011,TXStablePriceDemargined,129015
Africa,CAF Confederation Cup,536,10011,TXStablePriceDemargined,269949
Africa,CAF Super Cup,710,10011,TXStablePriceDemargined,4318
Africa,CAF Women's Champions League,10005290,10011,TXStablePriceDemargined,63912
Africa,CECAFA Club Cup,1809,10011,TXStablePriceDemargined,78778
Africa,CECAFA Women's Champions League,10008268,10011,TXStablePriceDemargined,3958
Africa,Mapinduzi Cup,10006184,10011,TXStablePriceDemargined,29794
African Cup,CAF Champions League,256,10011,TXStablePriceDemargined,312487
African Cup,CAF Confederation Cup,536,10011,TXStablePriceDemargined,44585
Albania,1st Division,578,10011,TXStablePriceDemargined,76720
Albania,Cup,202,10011,TXStablePriceDemargined,80030
Albania,Play-offs 1/2,940,10011,TXStablePriceDemargined,137
Albania,Super Cup,840,10011,TXStablePriceDemargined,11733
Albania,Superliga,48,10011,TXStablePriceDemargined,533595
Algeria,Coupe Nationale,705,10011,TXStablePriceDemargined,186416
Algeria,Cup Women,50704,10011,TXStablePriceDemargined,3260
Algeria,Ligue 1,205,10011,TXStablePriceDemargined,1128726
Algeria,Ligue 2,207,10011,TXStablePriceDemargined,848272
Algeria,National Division 1 Feminin,10014087,10011,TXStablePriceDemargined,8
Algeria,National Elite Feminin,50682,10011,TXStablePriceDemargined,34928
Algeria,Super Cup,1269,10011,TXStablePriceDemargined,3163
Algeria,U20 Cup,10023387,10011,TXStablePriceDemargined,11297
Algeria,U20 League,10022887,10011,TXStablePriceDemargined,190898
Andorra,1a Divisio,139,10011,TXStablePriceDemargined,170570
Andorra,2a Divisio,491,10011,TXStablePriceDemargined,8
Andorra,Copa Constitucio,543,10011,TXStablePriceDemargined,3642
Angola,Girabola,493,10011,TXStablePriceDemargined,1683
Antigua And Barbuda,Premier Division,583,10011,TXStablePriceDemargined,27
Argentina,Campeonato Femenino,1135,10011,TXStablePriceDemargined,385095
Argentina,Campeonato Promocional,10014084,10011,TXStablePriceDemargined,40554
Argentina,Copa Argentina,953,10011,TXStablePriceDemargined,534111
Argentina,Copa Santa Fe,1710,10011,TXStablePriceDemargined,17041
Argentina,Copa de Invierno,10022113,10011,TXStablePriceDemargined,1374
Argentina,Liga Profesional Argentina,87,10011,TXStablePriceDemargined,5165235
Argentina,Liga Sanjuanina Division A,10002302,10011,TXStablePriceDemargined,8778
Argentina,Prim B Metro,471,10011,TXStablePriceDemargined,1184001
Argentina,Prim B Metro Reserves,10004409,10011,TXStablePriceDemargined,229696
Argentina,Prim C Metro Reserves,10004408,10011,TXStablePriceDemargined,280804
Argentina,Primera C,472,10011,TXStablePriceDemargined,887846
Argentina,Primera C Women,10005204,10011,TXStablePriceDemargined,1226
Argentina,Primera Division A Chaco,10002592,10011,TXStablePriceDemargined,34619
Argentina,Primera Nacional,88,10011,TXStablePriceDemargined,2925284
Argentina,Primera Nacional Reserves,10005188,10011,TXStablePriceDemargined,373959
Argentina,Reserve League,1255,10011,TXStablePriceDemargined,2286950
Argentina,Super Cup,1095,10011,TXStablePriceDemargined,9248
Argentina,Supercopa Entre Rios,10008770,10011,TXStablePriceDemargined,13447
Argentina,Torneo Federal A,454,10011,TXStablePriceDemargined,1089358
Argentina,Torneo Regional Federal Amateur,501,10011,TXStablePriceDemargined,378215
Argentina,Trofeo de Campeones de la Superliga,2036,10011,TXStablePriceDemargined,10302
Argentina,Youth League U20,10002218,10011,TXStablePriceDemargined,123388
Armenia,Cup,269,10011,TXStablePriceDemargined,13404
Armenia,First League,542,10011,TXStablePriceDemargined,7
Armenia,Premier League,143,10011,TXStablePriceDemargined,177197
Armenia,Super Cup,850,10011,TXStablePriceDemargined,23
Aruba,Copa Betico Croes,1303,10011,TXStablePriceDemargined,21731
Aruba,Division di Honor,589,10011,TXStablePriceDemargined,70611
Aruba,Play-offs 1/2,10021486,10011,TXStablePriceDemargined,509
Asia,AFC Challenge League,713,10011,TXStablePriceDemargined,281412
Asia,AFC Champions League Elite,251,10011,TXStablePriceDemargined,1778924
Asia,AFC Champions League Two,253,10011,TXStablePriceDemargined,1279252
Asia,AFC Women's Champions League,2068,10011,TXStablePriceDemargined,206986
Asia,AFF U23 Championship,10000227,10011,TXStablePriceDemargined,399
Asia,AGCFF Gulf Club Champions League,773,10011,TXStablePriceDemargined,167766
Asia,ASEAN Club Championship,10015884,10011,TXStablePriceDemargined,329898
Asia,South Asian Super Cup,10022810,10011,TXStablePriceDemargined,15979
Asia,Women's Asian Cup,766,10011,TXStablePriceDemargined,184061
Asian Cup,Qatar-UAE Super Cup,10013785,10011,TXStablePriceDemargined,32209
Australia,A-League,283,10011,TXStablePriceDemargined,2925548
Australia,A-League Women,370,10011,TXStablePriceDemargined,1334025
Australia,Capital Territory FFA Cup Preliminary,1907,10011,TXStablePriceDemargined,18572
Australia,Capital Territory NPL,624,10011,TXStablePriceDemargined,225323
Australia,Capital Territory NPL 2,1875,10011,TXStablePriceDemargined,34186
Australia,Capital Territory NPL Women,1889,10011,TXStablePriceDemargined,60886
Australia,Capital Territory NPL Youth League,1883,10011,TXStablePriceDemargined,45624
Australia,Capital Territory NPL Youth League 2,10000422,10011,TXStablePriceDemargined,10988
Australia,Championship,10022869,10011,TXStablePriceDemargined,588748
Australia,Cup,1377,10011,TXStablePriceDemargined,149734
Australia,FIFA Series,10014107,10011,TXStablePriceDemargined,85007
Australia,FQPL 3 Metro,721,10011,TXStablePriceDemargined,26636
Australia,FQPL 3 South Coast,10014110,10011,TXStablePriceDemargined,12
Australia,NSW FFA Cup Preliminary,1905,10011,TXStablePriceDemargined,26125
Australia,NSW League One Youth,10000423,10011,TXStablePriceDemargined,81695
Australia,NSW Play-offs 1/2,10010784,10011,TXStablePriceDemargined,5324
Australia,NSW Play-offs 2/3,10010785,10011,TXStablePriceDemargined,3261
Australia,New South Wales League One,1876,10011,TXStablePriceDemargined,229510
Australia,New South Wales League Two,10002111,10011,TXStablePriceDemargined,174838
Australia,New South Wales NPL,606,10011,TXStablePriceDemargined,1279177
Australia,New South Wales NPL Women,1890,10011,TXStablePriceDemargined,506684
Australia,New South Wales NPL Youth League,1884,10011,TXStablePriceDemargined,182535
Australia,Northern NSW FFA Cup Preliminary,1908,10011,TXStablePriceDemargined,3857
Australia,Northern NSW NPL,625,10011,TXStablePriceDemargined,560008
Australia,Northern NSW Play-offs 1/2,10022790,10011,TXStablePriceDemargined,1374
Australia,Northern NSW Reserve League,2071,10011,TXStablePriceDemargined,56554
Australia,Northern NSW State League 1,1877,10011,TXStablePriceDemargined,5502
Australia,Northern NSW State League 1 Reserves,10000399,10011,TXStablePriceDemargined,16
Australia,Northern NSW Women's Premier League,10002110,10011,TXStablePriceDemargined,166148
Australia,Northern NSW Women's Reserves,10014396,10011,TXStablePriceDemargined,58
Australia,Northern Territory FFA Cup Preliminary,1911,10011,TXStablePriceDemargined,2619
Australia,Northern Territory Premier League,626,10011,TXStablePriceDemargined,348595
Australia,Northern Territory Premier League Reserves,10015491,10011,TXStablePriceDemargined,1192
Australia,QLD FQPL 1 Women,10006756,10011,TXStablePriceDemargined,115423
Australia,QLD Pro Series,10009000,10011,TXStablePriceDemargined,155390
Australia,Queensland FFA Cup Preliminary,1903,10011,TXStablePriceDemargined,22216
Australia,Queensland NPL,608,10011,TXStablePriceDemargined,656533
Australia,Queensland NPL Women,1893,10011,TXStablePriceDemargined,322709
Australia,Queensland NPL Youth League,1886,10011,TXStablePriceDemargined,62493
Australia,Queensland PL Youth,10000376,10011,TXStablePriceDemargined,57248
Australia,Queensland PL2 Youth,10002484,10011,TXStablePriceDemargined,6995
Australia,Queensland Premier League,1878,10011,TXStablePriceDemargined,479740
Australia,Queensland Premier League 2,10002202,10011,TXStablePriceDemargined,126185
Australia,Queensland Women's Super Cup,10002286,10011,TXStablePriceDemargined,1381
Australia,South Australia FFA Cup Preliminary,1909,10011,TXStablePriceDemargined,27408
Australia,South Australia NPL,607,10011,TXStablePriceDemargined,526775
Australia,South Australia NPL Women,1891,10011,TXStablePriceDemargined,204515
Australia,South Australia NPL Women Reserves,50948,10011,TXStablePriceDemargined,14939
Australia,South Australia Reserves Premier League,1334,10011,TXStablePriceDemargined,31207
Australia,South Australia State League 1,1879,10011,TXStablePriceDemargined,359491
Australia,South Australia State League 1 Reserves,10000424,10011,TXStablePriceDemargined,36887
Australia,South Australia State League 2,50942,10011,TXStablePriceDemargined,2008
Australia,South Australia State League 2 Reserves,10012452,10011,TXStablePriceDemargined,237
Australia,TAS NPL Youth,10009062,10011,TXStablePriceDemargined,4136
Australia,Tasmania FFA Cup Preliminary,1910,10011,TXStablePriceDemargined,263
Australia,Tasmania NPL,611,10011,TXStablePriceDemargined,302351
Australia,Tasmania Southern Championship,1881,10011,TXStablePriceDemargined,3416
Australia,Tasmania Southern Championship Reserves,10000365,10011,TXStablePriceDemargined,648
Australia,Tasmania Southern Championship Women,10000397,10011,TXStablePriceDemargined,798
Australia,Tasmania Women's Super League,10003185,10011,TXStablePriceDemargined,62950
Australia,VIC Premier League Women,10006769,10011,TXStablePriceDemargined,11301
Australia,Victoria Dockerty Cup,1624,10011,TXStablePriceDemargined,5750
Australia,Victoria FFA Cup Preliminary,1904,10011,TXStablePriceDemargined,44434
Australia,Victoria NPL,318,10011,TXStablePriceDemargined,1079309
Australia,Victoria NPL Women,1320,10011,TXStablePriceDemargined,456772
Australia,Victoria NPL Youth League,1887,10011,TXStablePriceDemargined,78129
Australia,Victoria PL 1,1318,10011,TXStablePriceDemargined,215441
Australia,Victoria PL 1 Youth,10001999,10011,TXStablePriceDemargined,81744
Australia,Victoria PL 2,2056,10011,TXStablePriceDemargined,115191
Australia,Victoria State League 1,50024,10011,TXStablePriceDemargined,20243
Australia,Victoria State League 1 Reserves,50601,10011,TXStablePriceDemargined,633
Australia,Victoria State League 2,50411,10011,TXStablePriceDemargined,1429
Australia,Victoria State League 2 Reserves,10002344,10011,TXStablePriceDemargined,843
Australia,Victoria Women's State Knockout Cup,1756,10011,TXStablePriceDemargined,3935
Australia,WA Play-offs 1/2,10009840,10011,TXStablePriceDemargined,1135
Australia,WA State League Women,10000386,10011,TXStablePriceDemargined,7187
Australia,Western Australia FFA Cup Preliminary,1906,10011,TXStablePriceDemargined,7572
Australia,Western Australia NPL,609,10011,TXStablePriceDemargined,538753
Australia,Western Australia NPL Night Series,1670,10011,TXStablePriceDemargined,41264
Australia,Western Australia NPL Women,1892,10011,TXStablePriceDemargined,113239
Australia,Western Australia NPL Youth League,1888,10011,TXStablePriceDemargined,15863
Australia,Western Australia State League 1,1882,10011,TXStablePriceDemargined,88407
Australia,Western Australia State League 1 Reserves,10006755,10011,TXStablePriceDemargined,17897
Australia,Western Australia State League Night Series,1901,10011,TXStablePriceDemargined,1553
Australia,Western Australia Women's Night Series,1762,10011,TXStablePriceDemargined,4731
Australia,Western Australia Women's State Cup,1725,10011,TXStablePriceDemargined,994
Austria,2. Frauenliga,555,10011,TXStablePriceDemargined,13299
Austria,2. Liga,50,10011,TXStablePriceDemargined,1732159
Austria,Amateur Leagues,50620,10011,TXStablePriceDemargined,2
Austria,BFV Cup,1687,10011,TXStablePriceDemargined,9290
Austria,Bundesliga,49,10011,TXStablePriceDemargined,1509219
Austria,Cup,187,10011,TXStablePriceDemargined,186774
Austria,Cup Women,716,10011,TXStablePriceDemargined,21352
Austria,Frauenliga,339,10011,TXStablePriceDemargined,87713
Austria,KFV Cup,1690,10011,TXStablePriceDemargined,4678
Austria,Landesliga,628,10011,TXStablePriceDemargined,737937
Austria,Regionalliga,553,10011,TXStablePriceDemargined,734910
Austria,STFV Cup,1777,10011,TXStablePriceDemargined,19050
Austria,TFV Cup,1776,10011,TXStablePriceDemargined,14396
Austria,VFV Cup,1780,10011,TXStablePriceDemargined,4170
Austria,WFV Cup,1768,10011,TXStablePriceDemargined,38973
Azerbaijan,Birinci Dasta,581,10011,TXStablePriceDemargined,382040
Azerbaijan,Cup,243,10011,TXStablePriceDemargined,147562
Azerbaijan,Premyer Liqa,106,10011,TXStablePriceDemargined,1045515
Bahrain,Khalid Bin Hamad Cup,10024686,10011,TXStablePriceDemargined,6554
Bahrain,King's Cup,958,10011,TXStablePriceDemargined,117708
Bahrain,Play-offs 1/2,1797,10011,TXStablePriceDemargined,422
Bahrain,Premier League,238,10011,TXStablePriceDemargined,861412
Bahrain,Second Division,1196,10011,TXStablePriceDemargined,481979
Bahrain,Super Cup,1426,10011,TXStablePriceDemargined,4643
Bahrain,U21 League,10018535,10011,TXStablePriceDemargined,29624
Bangladesh,Challenge Cup,10019399,10011,TXStablePriceDemargined,982
Bangladesh,Championship League,50562,10011,TXStablePriceDemargined,2308
Bangladesh,Federation Cup,1558,10011,TXStablePriceDemargined,107825
Bangladesh,Premier League,537,10011,TXStablePriceDemargined,239144
Bangladesh,Women's Football League,10000532,10011,TXStablePriceDemargined,365
Barbados,Premier League,524,10011,TXStablePriceDemargined,82344
Barbados,Prime Minister Cup,10022835,10011,TXStablePriceDemargined,1723
Belarus,1. Division,263,10011,TXStablePriceDemargined,86354
Belarus,Cup,200,10011,TXStablePriceDemargined,50308
Belarus,Play-offs 1/2,966,10011,TXStablePriceDemargined,8012
Belarus,Premier League,66,10011,TXStablePriceDemargined,814896
Belarus,Premier League Women,488,10011,TXStablePriceDemargined,5
Belarus,Super Cup,790,10011,TXStablePriceDemargined,1453
Belgium,Challenger Pro League,52,10011,TXStablePriceDemargined,1592405
Belgium,Cup,126,10011,TXStablePriceDemargined,362857
Belgium,Cup Women,698,10011,TXStablePriceDemargined,4739
Belgium,First Amateur Division,1470,10011,TXStablePriceDemargined,497262
Belgium,First Division Women,337,10011,TXStablePriceDemargined,28
Belgium,Play-offs 1/2,933,10011,TXStablePriceDemargined,10752
Belgium,Pro League,24,10011,TXStablePriceDemargined,3299205
Belgium,Reserve Pro League,1188,10011,TXStablePriceDemargined,303252
Belgium,Second Amateur Division,133,10011,TXStablePriceDemargined,5376
Belgium,Super League Women,1445,10011,TXStablePriceDemargined,189991
Benin,Championnat National,870,10011,TXStablePriceDemargined,1514
Bermuda,Premier League,538,10011,TXStablePriceDemargined,4
Bhutan,Premier League,1104,10011,TXStablePriceDemargined,154075
Bolivia,Copa Simon Bolivar,10004700,10011,TXStablePriceDemargined,19
Bolivia,Copa de la Division Profesional,10008885,10011,TXStablePriceDemargined,686259
Bolivia,Liga Femenina,10016489,10011,TXStablePriceDemargined,2950
Bolivia,Liga Nacional U19,10021999,10011,TXStablePriceDemargined,8740
Bolivia,Nacional B,1082,10011,TXStablePriceDemargined,6146
Bolivia,Play-offs 1/2,1145,10011,TXStablePriceDemargined,4630
Bolivia,Primera Division,69,10011,TXStablePriceDemargined,1324858
Bolivia,Torneo Amistoso de Verano,10020584,10011,TXStablePriceDemargined,177722
Bosnia Herzegovina,1st League,144,10011,TXStablePriceDemargined,93125
Bosnia Herzegovina,Cup,379,10011,TXStablePriceDemargined,93463
Bosnia Herzegovina,Premijer Liga,64,10011,TXStablePriceDemargined,568657
Bosnia Herzegovina,Premijer Liga U19,10008223,10011,TXStablePriceDemargined,3318
Bosnia Herzegovina,Premijer Ženska Liga,1574,10011,TXStablePriceDemargined,1
Bosnia Herzegovina,Super Cup,10021984,10011,TXStablePriceDemargined,4507
Botswana,FA Cup,50886,10011,TXStablePriceDemargined,541
Botswana,Premier League,855,10011,TXStablePriceDemargined,4091
Brazil,Acreano,409,10011,TXStablePriceDemargined,30494
Brazil,Acreano Serie B,10022791,10011,TXStablePriceDemargined,8
Brazil,Acreano U20,10012485,10011,TXStablePriceDemargined,7032
Brazil,Acreano Women,50845,10011,TXStablePriceDemargined,10
Brazil,Alagoano,398,10011,TXStablePriceDemargined,53369
Brazil,Alagoano Serie B,10004790,10011,TXStablePriceDemargined,524
Brazil,Alagoano U20,10005291,10011,TXStablePriceDemargined,9
Brazil,Amapaense,410,10011,TXStablePriceDemargined,34395
Brazil,Amazonense,405,10011,TXStablePriceDemargined,40380
Brazil,Amazonense U20,10003789,10011,TXStablePriceDemargined,6846
Brazil,Amazonense Women,10005337,10011,TXStablePriceDemargined,519
Brazil,Baiano 1,394,10011,TXStablePriceDemargined,209531
Brazil,Baiano 2,596,10011,TXStablePriceDemargined,4457
Brazil,Baiano U20,1511,10011,TXStablePriceDemargined,11094
Brazil,Brasileiro Feminino,1166,10011,TXStablePriceDemargined,518692
Brazil,Brasileiro Feminino A2,1857,10011,TXStablePriceDemargined,57085
Brazil,Brasileiro Feminino A3,10007761,10011,TXStablePriceDemargined,27720
Brazil,Brasileiro U20 B,10021287,10011,TXStablePriceDemargined,118186
Brazil,Brasileiro Women U20,10009108,10011,TXStablePriceDemargined,12825
Brazil,Brasiliense A,393,10011,TXStablePriceDemargined,136393
Brazil,Brasiliense B,10012481,10011,TXStablePriceDemargined,3794
Brazil,Brasiliense U20,10003389,10011,TXStablePriceDemargined,745
Brazil,Brasiliense Women,10004784,10011,TXStablePriceDemargined,1780
Brazil,CBF Brasileiro U20,1459,10011,TXStablePriceDemargined,264798
Brazil,Capixaba,408,10011,TXStablePriceDemargined,75650
Brazil,Capixaba 2,10004089,10011,TXStablePriceDemargined,2338
Brazil,Capixaba U20,10012472,10011,TXStablePriceDemargined,2951
Brazil,Carioca A2,10003204,10011,TXStablePriceDemargined,35589
Brazil,Carioca B1,595,10011,TXStablePriceDemargined,120933
Brazil,Carioca B2,10000518,10011,TXStablePriceDemargined,82176
Brazil,Carioca C,10009841,10011,TXStablePriceDemargined,4401
Brazil,Carioca Serie A,240,10011,TXStablePriceDemargined,435622
Brazil,Carioca Serie A2 U20,10008297,10011,TXStablePriceDemargined,4840
Brazil,Carioca Serie B1 U20,10012486,10011,TXStablePriceDemargined,4285
Brazil,Carioca Serie B2 U20,10012488,10011,TXStablePriceDemargined,650
Brazil,Carioca U20,1507,10011,TXStablePriceDemargined,50036
Brazil,Carioca Women,1513,10011,TXStablePriceDemargined,6452
Brazil,Carioca Women U20,10018185,10011,TXStablePriceDemargined,3
Brazil,Catarinense 1,390,10011,TXStablePriceDemargined,339772
Brazil,Catarinense 2,955,10011,TXStablePriceDemargined,66119
Brazil,Catarinense U20,1916,10011,TXStablePriceDemargined,51423
Brazil,Cearense 1,395,10011,TXStablePriceDemargined,225462
Brazil,Cearense 2,778,10011,TXStablePriceDemargined,46608
Brazil,Cearense 3,10009913,10011,TXStablePriceDemargined,8
Brazil,Cearense Feminino,10005236,10011,TXStablePriceDemargined,11606
Brazil,Cearense U20,10009912,10011,TXStablePriceDemargined,11190
Brazil,Copa Alagoas,10005906,10011,TXStablePriceDemargined,9581
Brazil,Copa Espirito Santo,10007129,10011,TXStablePriceDemargined,22264
Brazil,Copa Fares Lopes,1164,10011,TXStablePriceDemargined,67316
Brazil,Copa Gaucha,1160,10011,TXStablePriceDemargined,106490
Brazil,Copa Goias U20,10008238,10011,TXStablePriceDemargined,17098
Brazil,Copa Grao-Para,10014691,10011,TXStablePriceDemargined,3627
Brazil,Copa Maria Bonita,10023107,10011,TXStablePriceDemargined,6602
Brazil,Copa Paraense U20,10021686,10011,TXStablePriceDemargined,7576
Brazil,Copa Parana U20,10022837,10011,TXStablePriceDemargined,66
Brazil,Copa Paulista,1155,10011,TXStablePriceDemargined,197505
Brazil,Copa Paulista Women,10000577,10011,TXStablePriceDemargined,6909
Brazil,Copa Pernambuco U20,10026389,10011,TXStablePriceDemargined,11187
Brazil,Copa Rio,1163,10011,TXStablePriceDemargined,35594
Brazil,Copa Rio U20,10012484,10011,TXStablePriceDemargined,34
Brazil,Copa Rio Women,10009007,10011,TXStablePriceDemargined,6746
Brazil,Copa Santa Catarina,1175,10011,TXStablePriceDemargined,148826
Brazil,Copa Santa Catarina U20,50367,10011,TXStablePriceDemargined,932
Brazil,Copa Sao Paulo U20 Women,10013014,10011,TXStablePriceDemargined,5863
Brazil,Copa Sergipe,10022124,10011,TXStablePriceDemargined,15810
Brazil,Copa Sul U20,10018098,10011,TXStablePriceDemargined,26148
Brazil,Copa Sul-Sudeste,10023114,10011,TXStablePriceDemargined,254715
Brazil,Copa Verde,1185,10011,TXStablePriceDemargined,413427
Brazil,Copa do Brasil,231,10011,TXStablePriceDemargined,1271242
Brazil,Copa do Brasil Feminino,1136,10011,TXStablePriceDemargined,135155
Brazil,Copa do Brasil U20,1063,10011,TXStablePriceDemargined,112810
Brazil,Copa do Nordeste,817,10011,TXStablePriceDemargined,397528
Brazil,Copa do Nordeste U20,1852,10011,TXStablePriceDemargined,238
Brazil,Copa dos Campeoes do Espirito Santo,10024285,10011,TXStablePriceDemargined,2723
Brazil,Gaucho - Estadual Junior U20,1509,10011,TXStablePriceDemargined,6141
Brazil,Gaucho 1,388,10011,TXStablePriceDemargined,350480
Brazil,Gaucho 2,600,10011,TXStablePriceDemargined,16711
Brazil,Gaucho 3,10002201,10011,TXStablePriceDemargined,240
Brazil,Gaucho Women,10000571,10011,TXStablePriceDemargined,10499
Brazil,Goiano 1,389,10011,TXStablePriceDemargined,357248
Brazil,Goiano 2,922,10011,TXStablePriceDemargined,2095
Brazil,Goiano 2nd Division U20,10012483,10011,TXStablePriceDemargined,2186
Brazil,Goiano 3,10010497,10011,TXStablePriceDemargined,2815
Brazil,Goiano U20,10005098,10011,TXStablePriceDemargined,24298
Brazil,Goiano U20 Women,10020795,10011,TXStablePriceDemargined,2
Brazil,Maranhense,403,10011,TXStablePriceDemargined,104035
Brazil,Maranhense 2,10008262,10011,TXStablePriceDemargined,1031
Brazil,Maranhense U20,10021784,10011,TXStablePriceDemargined,80
Brazil,Matogrossense,391,10011,TXStablePriceDemargined,158110
Brazil,Matogrossense 2,10003486,10011,TXStablePriceDemargined,3398
Brazil,Matogrossense U20,10007745,10011,TXStablePriceDemargined,5226
Brazil,Mineiro 1,387,10011,TXStablePriceDemargined,391533
Brazil,Mineiro 2,594,10011,TXStablePriceDemargined,3359
Brazil,Mineiro 3,10004684,10011,TXStablePriceDemargined,1255
Brazil,Mineiro U20,1510,10011,TXStablePriceDemargined,36894
Brazil,Mineiro Women,10000544,10011,TXStablePriceDemargined,3471
Brazil,Paraense,396,10011,TXStablePriceDemargined,25707
Brazil,Paraense 2,10005292,10011,TXStablePriceDemargined,7276
Brazil,Paraense A3,10010498,10011,TXStablePriceDemargined,1800
Brazil,Paraense Super Cup,10020085,10011,TXStablePriceDemargined,745
Brazil,Paraense U20,10005801,10011,TXStablePriceDemargined,21863
Brazil,Paraense Women,10008337,10011,TXStablePriceDemargined,3073
Brazil,Paraibano,399,10011,TXStablePriceDemargined,193217
Brazil,Paraibano 2,1942,10011,TXStablePriceDemargined,1517
Brazil,Paraibano U20,10007713,10011,TXStablePriceDemargined,365
Brazil,Paraibano Women,10000578,10011,TXStablePriceDemargined,1901
Brazil,Paranaense 1,386,10011,TXStablePriceDemargined,271044
Brazil,Paranaense 2,727,10011,TXStablePriceDemargined,13854
Brazil,Paranaense 3,10005185,10011,TXStablePriceDemargined,13
Brazil,Paranaense U20,10007591,10011,TXStablePriceDemargined,10484
Brazil,Paulista A1,239,10011,TXStablePriceDemargined,620847
Brazil,Paulista A2,593,10011,TXStablePriceDemargined,662840
Brazil,Paulista A3,699,10011,TXStablePriceDemargined,306947
Brazil,Paulista Feminino,801,10011,TXStablePriceDemargined,163899
Brazil,Paulista Segunda Divisao,10015502,10011,TXStablePriceDemargined,344
Brazil,Paulista Segunda Divisao U23,10026788,10011,TXStablePriceDemargined,8689
Brazil,Paulista Serie A4,921,10011,TXStablePriceDemargined,20393
Brazil,Paulista U20,1506,10011,TXStablePriceDemargined,189713
Brazil,Pernambucano 1,392,10011,TXStablePriceDemargined,183049
Brazil,Pernambucano 2,934,10011,TXStablePriceDemargined,23097
Brazil,Pernambucano U20,50645,10011,TXStablePriceDemargined,9084
Brazil,Piauiense,400,10011,TXStablePriceDemargined,22909
Brazil,Piauiense Women,10005922,10011,TXStablePriceDemargined,6
Brazil,Potiguar,397,10011,TXStablePriceDemargined,49427
Brazil,Potiguar 2,10001986,10011,TXStablePriceDemargined,12090
Brazil,Potiguar U20,10005233,10011,TXStablePriceDemargined,2
Brazil,Recopa Catarinense,2050,10011,TXStablePriceDemargined,3324
Brazil,Recopa Gaucha,10011289,10011,TXStablePriceDemargined,9109
Brazil,Rondoniense,406,10011,TXStablePriceDemargined,4528
Brazil,Roraimense,411,10011,TXStablePriceDemargined,15155
Brazil,Roraimense Women,10023886,10011,TXStablePriceDemargined,3517
Brazil,Sao Paulo Youth Cup,1081,10011,TXStablePriceDemargined,587669
Brazil,Sergipano,402,10011,TXStablePriceDemargined,70108
Brazil,Sergipano 2,10000451,10011,TXStablePriceDemargined,8500
Brazil,Sergipano 3,10022857,10011,TXStablePriceDemargined,701
Brazil,Serie A,26,10011,TXStablePriceDemargined,4658174
Brazil,Serie B,89,10011,TXStablePriceDemargined,2432389
Brazil,Serie C,321,10011,TXStablePriceDemargined,817213
Brazil,Serie D,736,10011,TXStablePriceDemargined,1361981
Brazil,Sul-Matogrossense,401,10011,TXStablePriceDemargined,6010
Brazil,Supercopa Feminino,10006527,10011,TXStablePriceDemargined,812
Brazil,Supercopa do Brasil,2033,10011,TXStablePriceDemargined,11194
Brazil,Taca FPF,10022839,10011,TXStablePriceDemargined,6054
Brazil,Tocantinense,407,10011,TXStablePriceDemargined,9508
Brazil,U20 Cup,10018517,10011,TXStablePriceDemargined,942
Brazil,U20 League,50052,10011,TXStablePriceDemargined,592
Brunei,Super League,912,10011,TXStablePriceDemargined,7894
Bulgaria,A PFG,59,10011,TXStablePriceDemargined,1910681
Bulgaria,Cup,201,10011,TXStablePriceDemargined,200441
Bulgaria,Second League,60,10011,TXStablePriceDemargined,891609
Bulgaria,Super Cup,453,10011,TXStablePriceDemargined,4894
Bulgaria,Third League,664,10011,TXStablePriceDemargined,968
Bulgaria,Women's League,1165,10011,TXStablePriceDemargined,356
Burkina Faso,Coupe du Faso,50945,10011,TXStablePriceDemargined,364
Burkina Faso,Ligue 1,878,10011,TXStablePriceDemargined,17083
Burundi,Ligue A,914,10011,TXStablePriceDemargined,158
Cambodia,C-League,797,10011,TXStablePriceDemargined,659810
Cambodia,Hun Sen Cup,1011,10011,TXStablePriceDemargined,108759
Cambodia,Super Cup,10006698,10011,TXStablePriceDemargined,2566
Cambodia,Women's League,10020086,10011,TXStablePriceDemargined,5
Cameroon,Elite One,266,10011,TXStablePriceDemargined,116408
Cameroon,Elite Two,1614,10011,TXStablePriceDemargined,1
Cameroon,Super League Women,50873,10011,TXStablePriceDemargined,1533
Cameroon,Trophee des Champions,2034,10011,TXStablePriceDemargined,475
Canada,Canadian Championship,785,10011,TXStablePriceDemargined,42053
Canada,Canadian Premier League,1872,10011,TXStablePriceDemargined,287193
Canada,League 1 BC,10007210,10011,TXStablePriceDemargined,149
Canada,League 1 Ontario Premier,1943,10011,TXStablePriceDemargined,1066
Canada,Northern Super League Women,10020692,10011,TXStablePriceDemargined,6923
Chile,Ascenso Femenino,10016386,10011,TXStablePriceDemargined,10727
Chile,Biobio Cup,10023096,10011,TXStablePriceDemargined,2059
Chile,Copa Chile,635,10011,TXStablePriceDemargined,112675
Chile,Copa de la Liga,10026188,10011,TXStablePriceDemargined,318379
Chile,Primera B,438,10011,TXStablePriceDemargined,1042059
Chile,Primera Division,90,10011,TXStablePriceDemargined,1766405
Chile,Primera Division Women,50194,10011,TXStablePriceDemargined,116358
Chile,Segunda División,1020,10011,TXStablePriceDemargined,451805
Chile,Super Cup,1147,10011,TXStablePriceDemargined,38056
Chile,Tercera,779,10011,TXStablePriceDemargined,173429
China,CSL,51,10011,TXStablePriceDemargined,3042582
China,China League One,148,10011,TXStablePriceDemargined,954012
China,China League Two,10007914,10011,TXStablePriceDemargined,847936
China,China National Games Women,50198,10011,TXStablePriceDemargined,27205
China,China Super League Women,50197,10011,TXStablePriceDemargined,184363
China,FA Cup,276,10011,TXStablePriceDemargined,181036
China,League 1,10007110,10011,TXStablePriceDemargined,53953
China,National Games U20,10023121,10011,TXStablePriceDemargined,21200
China,Super Cup,1123,10011,TXStablePriceDemargined,10380
China,U21 League,10009794,10011,TXStablePriceDemargined,18537
Chinese Taipei,Premier League,383,10011,TXStablePriceDemargined,267889
Chinese Taipei,Taiwan League Division 2,10000382,10011,TXStablePriceDemargined,14703
Chinese Taipei,Taiwan Mulan Football League,10000148,10011,TXStablePriceDemargined,222742
Colombia,Copa Colombia,613,10011,TXStablePriceDemargined,568253
Colombia,Liga Femenina,1528,10011,TXStablePriceDemargined,468205
Colombia,Primera A,91,10011,TXStablePriceDemargined,3231935
Colombia,Primera B,448,10011,TXStablePriceDemargined,1387724
Colombia,Regional League,50872,10011,TXStablePriceDemargined,11757
Colombia,Super Copa Juvenil,10007590,10011,TXStablePriceDemargined,37408
Colombia,Supercup,10012529,10011,TXStablePriceDemargined,21261
Costa Rica,Copa Costa Rica,1150,10011,TXStablePriceDemargined,167466
Costa Rica,Liga de Ascenso,752,10011,TXStablePriceDemargined,783406
Costa Rica,Primera Division,50204,10011,TXStablePriceDemargined,126231
Costa Rica,Primera Division,315,10011,TXStablePriceDemargined,1134106
Costa Rica,U19 League,10020287,10011,TXStablePriceDemargined,403
Costa Rica,U21 League,10010697,10011,TXStablePriceDemargined,30139
Cote d'Ivoire,Ligue 1,530,10011,TXStablePriceDemargined,9696
Cote d'Ivoire,Ligue 2,10006722,10011,TXStablePriceDemargined,21
Croatia,1. HNL Juniori,1094,10011,TXStablePriceDemargined,334188
Croatia,First League Women,681,10011,TXStablePriceDemargined,19896
Croatia,First NL,62,10011,TXStablePriceDemargined,678342
Croatia,HNL,61,10011,TXStablePriceDemargined,898653
Croatia,HR Nogometni Cup,178,10011,TXStablePriceDemargined,174840
Croatia,Second NL,10008263,10011,TXStablePriceDemargined,291617
Croatia,Third NL,687,10011,TXStablePriceDemargined,10897
Croatia,U19 Cup,10014293,10011,TXStablePriceDemargined,10687
Cuba,Primera Division,567,10011,TXStablePriceDemargined,10
Curacao,Curacao Sekshon Pagá,585,10011,TXStablePriceDemargined,5196
Cyprus,1. Division,75,10011,TXStablePriceDemargined,1441751
Cyprus,2. Division B1,486,10011,TXStablePriceDemargined,276959
Cyprus,3. Division,663,10011,TXStablePriceDemargined,2
Cyprus,Cup,271,10011,TXStablePriceDemargined,180392
Cyprus,Super Cup,571,10011,TXStablePriceDemargined,4129
Cyprus,Super Cup Women,10010911,10011,TXStablePriceDemargined,66
Cyprus,Women's Cup,1345,10011,TXStablePriceDemargined,2970
Cyprus,Women's First Division,976,10011,TXStablePriceDemargined,17689
Czech Republic,1. Liga U19,1071,10011,TXStablePriceDemargined,873060
Czech Republic,1. Liga Women,330,10011,TXStablePriceDemargined,48468
Czech Republic,2. Liga Women,653,10011,TXStablePriceDemargined,1400
Czech Republic,3. liga,84,10011,TXStablePriceDemargined,2396219
Czech Republic,4. liga,633,10011,TXStablePriceDemargined,190303
Czech Republic,5. liga,50377,10011,TXStablePriceDemargined,1444
Czech Republic,Cup,199,10011,TXStablePriceDemargined,382244
Czech Republic,Czech Liga,82,10011,TXStablePriceDemargined,1805667
Czech Republic,FNL,83,10011,TXStablePriceDemargined,1178112
Denmark,1st Division,39,10011,TXStablePriceDemargined,1279088
Denmark,1st Division Women,450,10011,TXStablePriceDemargined,3034
Denmark,2. Division Women,10004431,10011,TXStablePriceDemargined,22989
Denmark,2nd Division,40,10011,TXStablePriceDemargined,656899
Denmark,3. Division,10003390,10011,TXStablePriceDemargined,167977
Denmark,Cup Women,531,10011,TXStablePriceDemargined,53638
Denmark,DBU Pokalen,181,10011,TXStablePriceDemargined,395681
Denmark,Denmark Series,632,10011,TXStablePriceDemargined,204657
Denmark,Elitedivisionen Women,333,10011,TXStablePriceDemargined,139558
Denmark,Future Cup,1316,10011,TXStablePriceDemargined,121237
Denmark,Superliga,30,10011,TXStablePriceDemargined,2330676
Denmark,U19 Ligaen,1072,10011,TXStablePriceDemargined,167179
Denmark,U21 Ligaen,10008288,10011,TXStablePriceDemargined,6456
Denmark,Women's Play-offs 1/2,1149,10011,TXStablePriceDemargined,34
Denmark,Women's Play-offs 2/3,10007102,10011,TXStablePriceDemargined,571
Dominica,Premier League,1134,10011,TXStablePriceDemargined,12813
Dominica,Premier President Cup,10023122,10011,TXStablePriceDemargined,1814
Dominican Republic,Liga Mayor,547,10011,TXStablePriceDemargined,77631
Ecuador,Copa Ecuador,2032,10011,TXStablePriceDemargined,165093
Ecuador,Liga Pro,165,10011,TXStablePriceDemargined,1698483
Ecuador,Primera B,447,10011,TXStablePriceDemargined,511470
Ecuador,Supercopa de Ecuador,2042,10011,TXStablePriceDemargined,23221
Ecuador,Superliga Femenina,10007608,10011,TXStablePriceDemargined,45876
Egypt,Cup,700,10011,TXStablePriceDemargined,213113
Egypt,League Cup,10006388,10011,TXStablePriceDemargined,716898
Egypt,Premier League,206,10011,TXStablePriceDemargined,2454056
Egypt,Premier League Women,10000486,10011,TXStablePriceDemargined,15445
Egypt,Second Division A,10000235,10011,TXStablePriceDemargined,1013684
Egypt,Second Division B,10011745,10011,TXStablePriceDemargined,708343
Egypt,Super Cup,744,10011,TXStablePriceDemargined,36061
El Salvador,Copa El Salvador,1622,10011,TXStablePriceDemargined,39016
El Salvador,Liga Feminina,50853,10011,TXStablePriceDemargined,19052
El Salvador,Primera Division,378,10011,TXStablePriceDemargined,1129045
El Salvador,Reserve League,50229,10011,TXStablePriceDemargined,457000
El Salvador,Segunda Division,50860,10011,TXStablePriceDemargined,23
England,Alan Turvey Trophy,1340,10011,TXStablePriceDemargined,61113
England,Central League,1192,10011,TXStablePriceDemargined,118218
England,Central League Cup,1294,10011,TXStablePriceDemargined,72925
England,Championship,70,10011,TXStablePriceDemargined,6812819
England,Community Shield,173,10011,TXStablePriceDemargined,16462
England,Conference N / S,302,10011,TXStablePriceDemargined,3156630
England,Conference National,71,10011,TXStablePriceDemargined,2280856
England,Counties Leagues,10000453,10011,TXStablePriceDemargined,1
England,FA Cup,93,10011,TXStablePriceDemargined,1427284
England,FA Cup Women,498,10011,TXStablePriceDemargined,149772
England,FA Trophy,683,10011,TXStablePriceDemargined,386544
England,FA WNL Cup,10005803,10011,TXStablePriceDemargined,14623
England,Football League Trophy,96,10011,TXStablePriceDemargined,934479
England,League Cup,95,10011,TXStablePriceDemargined,986724
England,League One,15,10011,TXStablePriceDemargined,3917889
England,League Two,32,10011,TXStablePriceDemargined,2865434
England,National League Cup,10018498,10011,TXStablePriceDemargined,364246
England,Non League Div One,308,10011,TXStablePriceDemargined,879973
England,Non League Premier,306,10011,TXStablePriceDemargined,1362053
England,Premier League,8,10011,TXStablePriceDemargined,6702375
England,Premier League 2,1592,10011,TXStablePriceDemargined,1457733
England,Premier League Cup,1167,10011,TXStablePriceDemargined,652232
England,Professional Development League,1191,10011,TXStablePriceDemargined,1830970
England,Super League Women Promotion/Relegation,10028386,10011,TXStablePriceDemargined,14
England,WSL Cup Women,1006,10011,TXStablePriceDemargined,143072
England,Women's National League - Division One,570,10011,TXStablePriceDemargined,40725
England,Women's National League - Premier Division,327,10011,TXStablePriceDemargined,3358
England,Women's Super League,886,10011,TXStablePriceDemargined,894318
England,Women's Super League 2,1330,10011,TXStablePriceDemargined,377846
Estonia,Cup,198,10011,TXStablePriceDemargined,78491
Estonia,Esiliiga A,112,10011,TXStablePriceDemargined,599991
Estonia,Esiliiga B,1108,10011,TXStablePriceDemargined,315599
Estonia,II Liiga,783,10011,TXStablePriceDemargined,1
Estonia,Meistriliiga,111,10011,TXStablePriceDemargined,848847
Estonia,Meistriliiga Women,348,10011,TXStablePriceDemargined,67556
Estonia,Play-offs 1/2,972,10011,TXStablePriceDemargined,9440
Estonia,Play-offs 2/3,973,10011,TXStablePriceDemargined,7119
Estonia,Play-offs 3/4,1179,10011,TXStablePriceDemargined,49
Estonia,Super Cup,714,10011,TXStablePriceDemargined,1262
Estonia,Super Cup Women,813,10011,TXStablePriceDemargined,1047
Estonia,U19 Eliitliiga Esiliiga,1343,10011,TXStablePriceDemargined,20878
Estonia,Women's Cup,1051,10011,TXStablePriceDemargined,21700
Ethiopia,Cup,50632,10011,TXStablePriceDemargined,12323
Ethiopia,Higher League,10014394,10011,TXStablePriceDemargined,64183
Ethiopia,Premier League,880,10011,TXStablePriceDemargined,864758
Ethiopia,Premier League Women,10008794,10011,TXStablePriceDemargined,48119
Europe,All-Island Cup,10009914,10011,TXStablePriceDemargined,187
Europe,Baltic Women's League,1691,10011,TXStablePriceDemargined,1026
Europe,Premier League International Cup,1423,10011,TXStablePriceDemargined,368653
Europe,UEFA Champions League,10,10011,TXStablePriceDemargined,4637655
Europe,UEFA Europa Conference League,10003292,10011,TXStablePriceDemargined,3021746
Europe,UEFA Europa League,18,10011,TXStablePriceDemargined,3868482
Europe,UEFA Super Cup,211,10011,TXStablePriceDemargined,22753
Europe,UEFA Women's Champions League,336,10011,TXStablePriceDemargined,1116209
Europe,UEFA Women's Europa Cup,10022848,10011,TXStablePriceDemargined,533857
Europe,UEFA Youth League,1154,10011,TXStablePriceDemargined,1548368
European Cup,Arena Cup,1673,10011,TXStablePriceDemargined,55904
European Cup,Premier League Summer Series,10009495,10011,TXStablePriceDemargined,25253
European Cup,Tipsport Liga,1505,10011,TXStablePriceDemargined,123909
Faroe Islands,1. Deild,384,10011,TXStablePriceDemargined,25960
Faroe Islands,1. Deild Women,332,10011,TXStablePriceDemargined,1799
Faroe Islands,Logmanssteypid,478,10011,TXStablePriceDemargined,24342
Faroe Islands,Meistaradeildin,81,10011,TXStablePriceDemargined,267661
Fiji,Battle of the Giants,1733,10011,TXStablePriceDemargined,11343
Fiji,Inter District Championship,1735,10011,TXStablePriceDemargined,40454
Fiji,National Football League,591,10011,TXStablePriceDemargined,46054
Fiji,Super Cup,50848,10011,TXStablePriceDemargined,2086
Finland,A-Junior League,1328,10011,TXStablePriceDemargined,33076
Finland,Kakkonen,41,10011,TXStablePriceDemargined,664601
Finland,Kansallinen Cup,604,10011,TXStablePriceDemargined,17554
Finland,Kansallinen Liiga,149,10011,TXStablePriceDemargined,112838
Finland,Kolmonen,1515,10011,TXStablePriceDemargined,835793
Finland,League Cup,252,10011,TXStablePriceDemargined,209156
Finland,Naisten Kakkonen,10008091,10011,TXStablePriceDemargined,42
Finland,Play-offs 1/2,974,10011,TXStablePriceDemargined,20221
Finland,Play-offs 2/3,975,10011,TXStablePriceDemargined,9823
Finland,SM Suomen Cup Women,476,10011,TXStablePriceDemargined,7556
Finland,Suomen Cup,179,10011,TXStablePriceDemargined,434325
Finland,U20 Ykkonen League,10012508,10011,TXStablePriceDemargined,605
Finland,U21 League,10012467,10011,TXStablePriceDemargined,1155
Finland,Veikkausliiga,22,10011,TXStablePriceDemargined,1612352
Finland,Ykkonen,35,10011,TXStablePriceDemargined,572961
Finland,Ykkonen Women,413,10011,TXStablePriceDemargined,17190
Finland,Ykkoscup,10006509,10011,TXStablePriceDemargined,104534
Finland,Ykkosliiga,10015484,10011,TXStablePriceDemargined,608033
France,Championnat National U19,951,10011,TXStablePriceDemargined,385160
France,Coupe de France,177,10011,TXStablePriceDemargined,822689
France,Coupe de France Féminine,535,10011,TXStablePriceDemargined,31447
France,Coupe de la LFFP,10023399,10011,TXStablePriceDemargined,12539
France,Feminine Division 1,328,10011,TXStablePriceDemargined,445978
France,Feminine Division 2,363,10011,TXStablePriceDemargined,23232
France,Ligue 1,16,10011,TXStablePriceDemargined,4675340
France,Ligue 2,17,10011,TXStablePriceDemargined,2505749
France,National 1,57,10011,TXStablePriceDemargined,1431281
France,National 2,354,10011,TXStablePriceDemargined,490775
France,National 3,557,10011,TXStablePriceDemargined,75566
France,Play-offs 2/3,1556,10011,TXStablePriceDemargined,19123
France,Trophée des Champions,312,10011,TXStablePriceDemargined,24875
Gambia,Cup,50879,10011,TXStablePriceDemargined,16
Gambia,Division 2,50877,10011,TXStablePriceDemargined,3872
Gambia,GFA League,809,10011,TXStablePriceDemargined,98290
Georgia,David Kipiani Cup,203,10011,TXStablePriceDemargined,46339
Georgia,Erovnuli Liga,166,10011,TXStablePriceDemargined,839341
Georgia,Erovnuli Liga 2,761,10011,TXStablePriceDemargined,431281
Georgia,Liga 3,1100,10011,TXStablePriceDemargined,16107
Georgia,Play-offs 1/2,937,10011,TXStablePriceDemargined,12162
Georgia,Play-offs 2/3,1644,10011,TXStablePriceDemargined,6935
Germany,2. Bundesliga,11,10011,TXStablePriceDemargined,4293603
Germany,2. Bundesliga Women,323,10011,TXStablePriceDemargined,16
Germany,3. Liga,622,10011,TXStablePriceDemargined,2313769
Germany,Bundesliga,9,10011,TXStablePriceDemargined,5237242
Germany,DFB Pokal,104,10011,TXStablePriceDemargined,725771
Germany,DFB Pokal Women,372,10011,TXStablePriceDemargined,79575
Germany,Frauen Bundesliga,290,10011,TXStablePriceDemargined,863393
Germany,Oberliga,366,10011,TXStablePriceDemargined,7648
Germany,Play-offs 1/2,931,10011,TXStablePriceDemargined,2187
Germany,Play-offs 2/3,932,10011,TXStablePriceDemargined,791
Germany,Regionalliga,55,10011,TXStablePriceDemargined,293568
Germany,Super Cup,638,10011,TXStablePriceDemargined,15018
Germany,Supercup der Frauen,10017886,10011,TXStablePriceDemargined,3485
Germany,U19 Bundesliga,945,10011,TXStablePriceDemargined,4045
Ghana,Cup,1684,10011,TXStablePriceDemargined,3259
Ghana,Division 1,50587,10011,TXStablePriceDemargined,44385
Ghana,Premier League,487,10011,TXStablePriceDemargined,360758
Gibraltar,Premier Division,1141,10011,TXStablePriceDemargined,2229
Greece,Amateur Cup,50070,10011,TXStablePriceDemargined,8
Greece,Cup,168,10011,TXStablePriceDemargined,414691
Greece,EPSA Cup,50265,10011,TXStablePriceDemargined,638
Greece,EPSI Cup,50687,10011,TXStablePriceDemargined,1698
Greece,Gamma Ethniki,140,10011,TXStablePriceDemargined,815
Greece,Panelinio Protathlima,617,10011,TXStablePriceDemargined,11682
Greece,Super Cup,575,10011,TXStablePriceDemargined,9939
Greece,Super League,107,10011,TXStablePriceDemargined,2008062
Greece,Super League 2,1938,10011,TXStablePriceDemargined,735025
Greece,Super League K19,1838,10011,TXStablePriceDemargined,173048
Greece,Super League K19 Cup,10020010,10011,TXStablePriceDemargined,21527
Greece,U19 League 2,10008716,10011,TXStablePriceDemargined,96873
Grenada,Premier Division,584,10011,TXStablePriceDemargined,1
Guatemala,Liga Nacional,320,10011,TXStablePriceDemargined,1262358
Guatemala,Liga Nacional Women,50779,10011,TXStablePriceDemargined,988
Guatemala,Primera Division,746,10011,TXStablePriceDemargined,579853
Guatemala,Reserve League,50928,10011,TXStablePriceDemargined,18862
Guatemala,Segunda Division,10002113,10011,TXStablePriceDemargined,3366
Holland,Derde Divisie,826,10011,TXStablePriceDemargined,72389
Holland,Divisie 1 U19,1075,10011,TXStablePriceDemargined,37597
Holland,Divisie 3 U19,10018104,10011,TXStablePriceDemargined,45
Holland,Eerste Divisie,5,10011,TXStablePriceDemargined,3399924
Holland,Eredivisie,1,10011,TXStablePriceDemargined,4322252
Holland,Jeugdcup U21,10008795,10011,TXStablePriceDemargined,2090
Holland,KNVB Beker,103,10011,TXStablePriceDemargined,648861
Holland,KNVB Beker Vrouwen,541,10011,TXStablePriceDemargined,56886
Holland,Play-offs 1/2,286,10011,TXStablePriceDemargined,129977
Holland,Super Cup,170,10011,TXStablePriceDemargined,17572
Holland,Tweede Divisie,1484,10011,TXStablePriceDemargined,296797
Holland,U21 Divisie 1,10000403,10011,TXStablePriceDemargined,39170
Holland,U21 Divisie 2,10000404,10011,TXStablePriceDemargined,8298
Holland,U21 Divisie 3,10000405,10011,TXStablePriceDemargined,4992
Holland,U21 Divisie 4,10000406,10011,TXStablePriceDemargined,2058
Holland,Vrouwen Eredivisie,549,10011,TXStablePriceDemargined,365296
Honduras,Liga Nacional,463,10011,TXStablePriceDemargined,900523
Honduras,Liga de Ascenso,10002296,10011,TXStablePriceDemargined,39028
Honduras,Reserve League,10006757,10011,TXStablePriceDemargined,115862
Hong Kong,2nd Division,50464,10011,TXStablePriceDemargined,422223
Hong Kong,FA Cup,619,10011,TXStablePriceDemargined,29158
Hong Kong,FA Cup Junior Division,50854,10011,TXStablePriceDemargined,39054
Hong Kong,FA Cup U22,10021912,10011,TXStablePriceDemargined,27449
Hong Kong,HKFA 1st Division,657,10011,TXStablePriceDemargined,749947
Hong Kong,HKFA 3rd Division,50456,10011,TXStablePriceDemargined,74580
Hong Kong,League Cup,376,10011,TXStablePriceDemargined,43376
Hong Kong,Premier League,113,10011,TXStablePriceDemargined,646925
Hong Kong,Premier League U22,10018523,10011,TXStablePriceDemargined,373588
Hong Kong,Premier League Women,50072,10011,TXStablePriceDemargined,604
Hong Kong,Senior Shield,962,10011,TXStablePriceDemargined,39707
Hungary,Magyar Kupa,254,10011,TXStablePriceDemargined,156977
Hungary,NB I,67,10011,TXStablePriceDemargined,1116489
Hungary,NB II,68,10011,TXStablePriceDemargined,303852
Hungary,NB III,656,10011,TXStablePriceDemargined,83199
Hungary,Nöi Magyar Kupa,655,10011,TXStablePriceDemargined,18825
Hungary,Nöi NB I,360,10011,TXStablePriceDemargined,165972
Hungary,Nöi NB II,568,10011,TXStablePriceDemargined,620
Hungary,U19 League,1124,10011,TXStablePriceDemargined,113913
Iceland,1. Deild,38,10011,TXStablePriceDemargined,342191
Iceland,1. Deild Women,460,10011,TXStablePriceDemargined,108495
Iceland,2. Deild,544,10011,TXStablePriceDemargined,98179
Iceland,2. Deild Women,10007092,10011,TXStablePriceDemargined,5277
Iceland,3. Deild,1119,10011,TXStablePriceDemargined,109366
Iceland,4. Deild,1363,10011,TXStablePriceDemargined,113315
Iceland,5. Deild,10009544,10011,TXStablePriceDemargined,61521
Iceland,Besta deild,31,10011,TXStablePriceDemargined,2006708
Iceland,Besta deild Women,331,10011,TXStablePriceDemargined,256142
Iceland,Bose Tournament,10012826,10011,TXStablePriceDemargined,21765
Iceland,Cup,197,10011,TXStablePriceDemargined,194116
Iceland,Cup Women,470,10011,TXStablePriceDemargined,25668
Iceland,Fotbolti.net Cup,10009925,10011,TXStablePriceDemargined,2062
Iceland,League Cup,1112,10011,TXStablePriceDemargined,240830
Iceland,League Cup B,1127,10011,TXStablePriceDemargined,66589
Iceland,League Cup C,1128,10011,TXStablePriceDemargined,19419
Iceland,League Cup Women A,1113,10011,TXStablePriceDemargined,31235
Iceland,League Cup Women B,1353,10011,TXStablePriceDemargined,18288
Iceland,Reykjavik Cup,1228,10011,TXStablePriceDemargined,129674
Iceland,Reykjavik Women Cup,1229,10011,TXStablePriceDemargined,31682
Iceland,Super Cup,806,10011,TXStablePriceDemargined,7961
Iceland,Super Cup Women,807,10011,TXStablePriceDemargined,1479
Iceland,U19 League A,1227,10011,TXStablePriceDemargined,61399
Iceland,U19 League B,10009053,10011,TXStablePriceDemargined,16043
India,AIFF Super Cup,1732,10011,TXStablePriceDemargined,198019
India,Bangalore Super Division,50269,10011,TXStablePriceDemargined,398423
India,Bengal Super League,10024487,10011,TXStablePriceDemargined,45663
India,Calcutta Division 1,10010501,10011,TXStablePriceDemargined,858
India,Calcutta Premier Division,1232,10011,TXStablePriceDemargined,188058
India,Delhi Premier League,10008118,10011,TXStablePriceDemargined,7842
India,Delhi Senior Division,50217,10011,TXStablePriceDemargined,6722
India,Development League,10009537,10011,TXStablePriceDemargined,815
India,Durand Cup,50212,10011,TXStablePriceDemargined,35253
India,Goa Pro League,50218,10011,TXStablePriceDemargined,81996
India,Guwahati PFL,10013487,10011,TXStablePriceDemargined,11311
India,I-Day Tournament,10008216,10011,TXStablePriceDemargined,7396
India,I-League,150,10011,TXStablePriceDemargined,241154
India,I-League 2nd Division,534,10011,TXStablePriceDemargined,8996
India,I-League 3rd Division,10012811,10011,TXStablePriceDemargined,4281
India,IFA Shield,845,10011,TXStablePriceDemargined,29338
India,IWL,10007091,10011,TXStablePriceDemargined,66817
India,Indian Super League,1417,10011,TXStablePriceDemargined,795414
India,Karnataka League Women,10002194,10011,TXStablePriceDemargined,36
India,Kerala Premier League,50714,10011,TXStablePriceDemargined,1
India,MFA Super Cup,50451,10011,TXStablePriceDemargined,769
India,Meghalaya State League,50930,10011,TXStablePriceDemargined,2712
India,Mizoram Premier League,50459,10011,TXStablePriceDemargined,243504
India,Mumbai Elite Division,50216,10011,TXStablePriceDemargined,30974
India,Mumbai Super Division,50716,10011,TXStablePriceDemargined,15181
India,Santosh Trophy,846,10011,TXStablePriceDemargined,112362
India,Senior Women's NFC,10005899,10011,TXStablePriceDemargined,1317
India,Shillong Division 1,10013893,10011,TXStablePriceDemargined,1666
India,Shillong Division 2,10006497,10011,TXStablePriceDemargined,2084
India,Shillong Premier League,50445,10011,TXStablePriceDemargined,84147
India,Sikkim Governors Gold Cup,847,10011,TXStablePriceDemargined,10530
India,Sikkim Premier League,10008904,10011,TXStablePriceDemargined,3394
India,Super League Kerala,10019002,10011,TXStablePriceDemargined,3083
Indonesia,Liga 1,629,10011,TXStablePriceDemargined,2573228
Indonesia,Liga 2,151,10011,TXStablePriceDemargined,1220523
Indonesia,Liga 3,50903,10011,TXStablePriceDemargined,244218
Indonesia,Liga 4,10020299,10011,TXStablePriceDemargined,2361
Indonesia,U20 League,50906,10011,TXStablePriceDemargined,142151
International,AFC U20 Women's Asian Cup,10005905,10011,TXStablePriceDemargined,111643
International,AFC U20 Women's Asian Cup Qualification,10005907,10011,TXStablePriceDemargined,22796
International,AFC U23 Asian Cup,1431,10011,TXStablePriceDemargined,520498
International,AFC U23 Asian Cup Qualification,10003692,10011,TXStablePriceDemargined,297517
International,AFF Women's Championship,1062,10011,TXStablePriceDemargined,52376
International,Africa Cup of Nations,385,10011,TXStablePriceDemargined,1004319
International,Africa Cup of Nations Qualification,1004,10011,TXStablePriceDemargined,56608
International,Africa Women Cup of Nations,769,10011,TXStablePriceDemargined,195
International,Africa Women Cup of Nations Qualification,10005197,10011,TXStablePriceDemargined,65755
International,African Nations Championship,695,10011,TXStablePriceDemargined,276410
International,Arab Cup,10003190,10011,TXStablePriceDemargined,425584
International,Asian Cup Qualification,1060,10011,TXStablePriceDemargined,444853
International,Baltic Cup U19 Women,10012761,10011,TXStablePriceDemargined,5603
International,Baltic Women's Cup,1715,10011,TXStablePriceDemargined,11686
International,CA Games,1115,10011,TXStablePriceDemargined,28462
International,CA Games Women,1116,10011,TXStablePriceDemargined,38465
International,CAFA Championship U20,10009793,10011,TXStablePriceDemargined,11867
International,CAFA Nations Cup,10009821,10011,TXStablePriceDemargined,105554
International,CONCACAF U20 Qualification,10004731,10011,TXStablePriceDemargined,197446
International,CONMEBOL Nations League Women,10022811,10011,TXStablePriceDemargined,160767
International,CONMEBOL/UEFA Finalissima,10006776,10011,TXStablePriceDemargined,40
International,COSAFA Women's Cup,1844,10011,TXStablePriceDemargined,82495
International,Copa America Femenina,369,10011,TXStablePriceDemargined,13647
International,Emirates Cup,1407,10011,TXStablePriceDemargined,12284
International,FIFA Series,10014107,10011,TXStablePriceDemargined,307448
International,FIFA Series Women,10024887,10011,TXStablePriceDemargined,44961
International,Friendlies,430,10011,TXStablePriceDemargined,2540563
International,Friendlies Women,456,10011,TXStablePriceDemargined,616053
International,Gulf Cup U20,10022812,10011,TXStablePriceDemargined,44429
International,Gulf Cup U23,10023784,10011,TXStablePriceDemargined,93476
International,Hybrid Friendlies,1182,10011,TXStablePriceDemargined,17545
International,King's Cup,1705,10011,TXStablePriceDemargined,37803
International,Non-FIFA Friendlies,1605,10011,TXStablePriceDemargined,12823
International,SheBelieves Cup,1519,10011,TXStablePriceDemargined,30842
International,Southeast Asian Games,969,10011,TXStablePriceDemargined,143961
International,Southeast Asian Games Women,1178,10011,TXStablePriceDemargined,107474
International,Sudamericano U20 Femenino,1008,10011,TXStablePriceDemargined,157352
International,Torneo UNCAF U19,10007185,10011,TXStablePriceDemargined,8798
International,U17 Women's World Cup,832,10011,TXStablePriceDemargined,15787
International,U17 World Cup,365,10011,TXStablePriceDemargined,383756
International,U20 Elite League,1698,10011,TXStablePriceDemargined,184298
International,U20 Women's World Cup Qualification Africa,1308,10011,TXStablePriceDemargined,16900
International,U20 World Cup,274,10011,TXStablePriceDemargined,499185
International,UEFA Nations League,1661,10011,TXStablePriceDemargined,83767
International,UEFA U17 Championship Qualification,10004285,10011,TXStablePriceDemargined,7191
International,UEFA U17 Championship Women Qualification,10000371,10011,TXStablePriceDemargined,9876
International,UEFA U19 Championship Qualification,10002090,10011,TXStablePriceDemargined,1265413
International,UEFA U19 Championship Women Qualification,10002591,10011,TXStablePriceDemargined,676831
International,UEFA U21 Championship Qualification,10002112,10011,TXStablePriceDemargined,1902923
International,UEFA Women's Championship,268,10011,TXStablePriceDemargined,1017
International,UEFA Women's Nations League,10009522,10011,TXStablePriceDemargined,142882
International,UNAF U20 Women's Tournament,10009103,10011,TXStablePriceDemargined,7422
International,WAFF Women Championship,1352,10011,TXStablePriceDemargined,34435
International,WAFU Women's Cup of Nations U20,10009809,10011,TXStablePriceDemargined,334
International,WC Qualification Africa,228,10011,TXStablePriceDemargined,1137636
International,WC Qualification Asia,229,10011,TXStablePriceDemargined,140795
International,WC Qualification CONCACAF,227,10011,TXStablePriceDemargined,386026
International,WC Qualification Europe,224,10011,TXStablePriceDemargined,3368204
International,WC Qualification Intercontinental Play-offs,375,10011,TXStablePriceDemargined,87818
International,WC Qualification South America,225,10011,TXStablePriceDemargined,151646
International,Women's Asian Cup,766,10011,TXStablePriceDemargined,29767
International,Women's WC Qualification CONCACAF,742,10011,TXStablePriceDemargined,105644
International,Women's WC Qualification Europe,364,10011,TXStablePriceDemargined,452863
International,Youth Friendlies,1266,10011,TXStablePriceDemargined,993194
International,Youth Friendlies Women,1337,10011,TXStablePriceDemargined,407744
International Cup,Brasil Ladies Cup,10008614,10011,TXStablePriceDemargined,10196
International Cup,CEE Cup,10010384,10011,TXStablePriceDemargined,1737
International Cup,COSAFA Women's Champions League,10004489,10011,TXStablePriceDemargined,29818
International Cup,Club Friendlies,10000209,10011,TXStablePriceDemargined,7028181
International Cup,Club Friendlies Women,1183,10011,TXStablePriceDemargined,262267
International Cup,Copa Xerem U20,10019888,10011,TXStablePriceDemargined,11715
International Cup,FIFA Intercontinental Cup,10018499,10011,TXStablePriceDemargined,70980
International Cup,FIFA Women's Champions Cup,10024486,10011,TXStablePriceDemargined,17747
International Cup,Intercontinental Cup U20,10021924,10011,TXStablePriceDemargined,268
International Cup,Premier Boca del Rio,10023587,10011,TXStablePriceDemargined,2947
International Cup,The Atlantic Cup,1314,10011,TXStablePriceDemargined,56467
International Cup,The Women's Cup,10004438,10011,TXStablePriceDemargined,10000
Iran,Azadegan League,602,10011,TXStablePriceDemargined,58024
Iran,Division 2,50656,10011,TXStablePriceDemargined,684
Iran,Hazfi Cup,874,10011,TXStablePriceDemargined,5333
Iran,Persian Gulf Pro League,76,10011,TXStablePriceDemargined,179969
Iran,Super Cup,10000497,10011,TXStablePriceDemargined,793
Iraq,Cup,50895,10011,TXStablePriceDemargined,41
Iraq,First Division,10026685,10011,TXStablePriceDemargined,115
Iraq,Iraqi League,518,10011,TXStablePriceDemargined,255632
Iraq,Premier Division,10008787,10011,TXStablePriceDemargined,27509
Iraq,U21 League,10026184,10011,TXStablePriceDemargined,1
Ireland,Charlie Cahill Cup,50677,10011,TXStablePriceDemargined,4
Ireland,FAI Cup,196,10011,TXStablePriceDemargined,121397
Ireland,FAI President's Cup,1310,10011,TXStablePriceDemargined,6466
Ireland,FAI Women's Cup,10008084,10011,TXStablePriceDemargined,2969
Ireland,First Division,77,10011,TXStablePriceDemargined,891140
Ireland,Intermediate Cup,50700,10011,TXStablePriceDemargined,9307
Ireland,Leinster Senior Cup,1348,10011,TXStablePriceDemargined,44306
Ireland,Leinster Senior League,10008985,10011,TXStablePriceDemargined,331091
Ireland,Limerick & District League,50690,10011,TXStablePriceDemargined,1
Ireland,Munster Senior Cup,1635,10011,TXStablePriceDemargined,12587
Ireland,Munster Senior League,10008986,10011,TXStablePriceDemargined,141171
Ireland,National League U20,10014096,10011,TXStablePriceDemargined,17440
Ireland,Play-offs 1/2,963,10011,TXStablePriceDemargined,9099
Ireland,Premier Division,34,10011,TXStablePriceDemargined,1100170
Ireland,Wexford Football League,50707,10011,TXStablePriceDemargined,4
Ireland,Women's National League,996,10011,TXStablePriceDemargined,106406
Ireland,Women's President's Cup,10009003,10011,TXStablePriceDemargined,1178
Israel,League Cup Women,10017987,10011,TXStablePriceDemargined,6080
Israel,Liga Alef,142,10011,TXStablePriceDemargined,885719
Israel,Liga Bet,1493,10011,TXStablePriceDemargined,458663
Israel,Liga Leumit,141,10011,TXStablePriceDemargined,1140136
Israel,Ligat Al Women,579,10011,TXStablePriceDemargined,366899
Israel,Ligat ha'Al,117,10011,TXStablePriceDemargined,1366469
Israel,State Cup,264,10011,TXStablePriceDemargined,288550
Israel,State Cup Women,924,10011,TXStablePriceDemargined,10583
Israel,Toto Cup Ligat Al,643,10011,TXStablePriceDemargined,53746
Israel,Toto Cup Ligat Leumit,642,10011,TXStablePriceDemargined,98178
Israel,U19 2nd Division,50666,10011,TXStablePriceDemargined,104231
Israel,U19 Cup,1248,10011,TXStablePriceDemargined,63917
Israel,U19 Elite Division,1193,10011,TXStablePriceDemargined,531535
Italy,Campionato Nazionale Primavera,952,10011,TXStablePriceDemargined,553353
Italy,Campionato Primavera 2,1600,10011,TXStablePriceDemargined,407371
Italy,Campionato Primavera 3,1092,10011,TXStablePriceDemargined,40685
Italy,Campionato Primavera 4,10004734,10011,TXStablePriceDemargined,14770
Italy,Coppa Italia,135,10011,TXStablePriceDemargined,520273
Italy,Coppa Italia Primavera,1070,10011,TXStablePriceDemargined,179424
Italy,Coppa Italia Serie C,684,10011,TXStablePriceDemargined,258700
Italy,Coppa Italia Serie D,1498,10011,TXStablePriceDemargined,320316
Italy,Coppa Italia Women,852,10011,TXStablePriceDemargined,108784
Italy,Eccellenza,50277,10011,TXStablePriceDemargined,45285
Italy,Juniores Nazionali U19,10013002,10011,TXStablePriceDemargined,125
Italy,Primavera Women,10000546,10011,TXStablePriceDemargined,18115
Italy,Serie A,13,10011,TXStablePriceDemargined,5893409
Italy,Serie A Women,293,10011,TXStablePriceDemargined,644591
Italy,Serie A Womens Cup,10022784,10011,TXStablePriceDemargined,65626
Italy,Serie B,14,10011,TXStablePriceDemargined,3377798
Italy,Serie B Women,457,10011,TXStablePriceDemargined,17820
Italy,Serie C,53,10011,TXStablePriceDemargined,5410147
Italy,Serie D,659,10011,TXStablePriceDemargined,2008573
Italy,Super Cup,171,10011,TXStablePriceDemargined,58187
Italy,Super Cup Primavera,1171,10011,TXStablePriceDemargined,4110
Italy,Super Cup Women,851,10011,TXStablePriceDemargined,4941
Jamaica,Premier League,477,10011,TXStablePriceDemargined,1004738
Japan,Emperor Cup,577,10011,TXStablePriceDemargined,194612
Japan,Empress's Cup,1718,10011,TXStablePriceDemargined,140588
Japan,J-League Cup,223,10011,TXStablePriceDemargined,192999
Japan,J1 League,109,10011,TXStablePriceDemargined,1852986
Japan,J1 League Special Tournament,10023142,10011,TXStablePriceDemargined,2419699
Japan,J2 League,110,10011,TXStablePriceDemargined,1504708
Japan,J2/J3 League Special Tournament,10023143,10011,TXStablePriceDemargined,3331107
Japan,J3 League,1272,10011,TXStablePriceDemargined,1198694
Japan,JFL Cup,10026294,10011,TXStablePriceDemargined,395813
Japan,Japan Football League,540,10011,TXStablePriceDemargined,553424
Japan,Nadeshiko League 1,341,10011,TXStablePriceDemargined,524581
Japan,Nadeshiko League 2,342,10011,TXStablePriceDemargined,292316
Japan,Play-offs 3/4,10012545,10011,TXStablePriceDemargined,6725
Japan,Play-offs 4/5,10005986,10011,TXStablePriceDemargined,4060
Japan,Prime Minister Cup,10008305,10011,TXStablePriceDemargined,4551
Japan,Regional Leagues,1727,10011,TXStablePriceDemargined,363500
Japan,University Championship,50686,10011,TXStablePriceDemargined,92782
Japan,University Championship Women,50688,10011,TXStablePriceDemargined,76731
Japan,WE League,10003290,10011,TXStablePriceDemargined,720971
Japan,WE League Cup,10008189,10011,TXStablePriceDemargined,188146
Jordan,1st Division,1195,10011,TXStablePriceDemargined,421663
Jordan,First Division Women,10008256,10011,TXStablePriceDemargined,1201
Jordan,Jordan Cup,854,10011,TXStablePriceDemargined,142953
Jordan,League,218,10011,TXStablePriceDemargined,655393
Jordan,Reserve League,10022801,10011,TXStablePriceDemargined,45542
Jordan,Shield Cup,835,10011,TXStablePriceDemargined,228696
Jordan,Super Cup,838,10011,TXStablePriceDemargined,147
Jordan,U19 League,50851,10011,TXStablePriceDemargined,112
Jordan,Women's Jordan Cup,10008763,10011,TXStablePriceDemargined,327
Jordan,Women's League,1254,10011,TXStablePriceDemargined,15538
Kazakhstan,1. Division,279,10011,TXStablePriceDemargined,115184
Kazakhstan,Cup,261,10011,TXStablePriceDemargined,112600
Kazakhstan,Premier League,79,10011,TXStablePriceDemargined,723872
Kazakhstan,Second League,50429,10011,TXStablePriceDemargined,1770
Kazakhstan,Super Cup,812,10011,TXStablePriceDemargined,2797
Kazakhstan,Women's Football Championship,1572,10011,TXStablePriceDemargined,34786
Kenya,Premier League,715,10011,TXStablePriceDemargined,706729
Kenya,Premier League Women,50901,10011,TXStablePriceDemargined,25880
Kenya,Shield Cup,1627,10011,TXStablePriceDemargined,13131
Kenya,Super League,1626,10011,TXStablePriceDemargined,327935
Kosovo,Division 1,50671,10011,TXStablePriceDemargined,3
Kosovo,Kosovar Cup,1477,10011,TXStablePriceDemargined,6281
Kosovo,Superliga,1152,10011,TXStablePriceDemargined,63912
Kosovo,Superliga U21,10018496,10011,TXStablePriceDemargined,45743
Kuwait,Crown Prince Cup,723,10011,TXStablePriceDemargined,71516
Kuwait,Division 1,670,10011,TXStablePriceDemargined,139483
Kuwait,Emir Cup,794,10011,TXStablePriceDemargined,55878
Kuwait,Premier League,237,10011,TXStablePriceDemargined,411849
Kuwait,Super Cup,745,10011,TXStablePriceDemargined,16319
Kyrgyzstan,Cup,50662,10011,TXStablePriceDemargined,502
Kyrgyzstan,Top Liga,795,10011,TXStablePriceDemargined,2248
Lao Peoples's Democratic Republic,Lao League,1131,10011,TXStablePriceDemargined,10
Latvia,1. Liga,265,10011,TXStablePriceDemargined,38295
Latvia,Cup,195,10011,TXStablePriceDemargined,30558
Latvia,Play-offs 1/2,982,10011,TXStablePriceDemargined,1309
Latvia,Virsliga,116,10011,TXStablePriceDemargined,754910
Lebanon,Premier League,217,10011,TXStablePriceDemargined,28162
Liberia,LFA First Division,1130,10011,TXStablePriceDemargined,90
Liberia,LFA Second Division,50934,10011,TXStablePriceDemargined,26
Liberia,National League Women,50933,10011,TXStablePriceDemargined,2
Libya,Premier League,236,10011,TXStablePriceDemargined,1
Lithuania,1 Lyga,258,10011,TXStablePriceDemargined,389799
Lithuania,2 Lyga,50760,10011,TXStablePriceDemargined,986
Lithuania,A Lyga,118,10011,TXStablePriceDemargined,607033
Lithuania,Cup,194,10011,TXStablePriceDemargined,121587
Lithuania,Play-offs 1/2,985,10011,TXStablePriceDemargined,6403
Lithuania,Super Cup,416,10011,TXStablePriceDemargined,5072
Lithuania,Women A Lyga,404,10011,TXStablePriceDemargined,9575
Luxembourg,Cup,508,10011,TXStablePriceDemargined,22939
Luxembourg,Ligue 1 Women,480,10011,TXStablePriceDemargined,93
Luxembourg,National Division,134,10011,TXStablePriceDemargined,130204
Luxembourg,Promotion d'Honneur,492,10011,TXStablePriceDemargined,21179
Macau,Primeira Divisao,694,10011,TXStablePriceDemargined,20889
Malawi,FDH Bank Cup,10004443,10011,TXStablePriceDemargined,8
Malawi,Super League,899,10011,TXStablePriceDemargined,17346
Malawi,Women's League,10022586,10011,TXStablePriceDemargined,2
Malaysia,Challenge Cup,1835,10011,TXStablePriceDemargined,39715
Malaysia,FA Cup,350,10011,TXStablePriceDemargined,121275
Malaysia,Liga M3,1007,10011,TXStablePriceDemargined,202429
Malaysia,Malaysia Cup,349,10011,TXStablePriceDemargined,164141
Malaysia,National League Women,10009015,10011,TXStablePriceDemargined,1821
Malaysia,Presidents Cup U20,10015503,10011,TXStablePriceDemargined,49555
Malaysia,Super League,153,10011,TXStablePriceDemargined,878336
Mali,Cup,50424,10011,TXStablePriceDemargined,689
Mali,Premiere Division,881,10011,TXStablePriceDemargined,88638
Malta,Challenge Cup,10020786,10011,TXStablePriceDemargined,5218
Malta,Challenge League,473,10011,TXStablePriceDemargined,109506
Malta,FA Trophy,262,10011,TXStablePriceDemargined,38520
Malta,Jubilee Cup,10022130,10011,TXStablePriceDemargined,20060
Malta,Premier League,152,10011,TXStablePriceDemargined,483337
Malta,Super Cup,646,10011,TXStablePriceDemargined,3674
Malta,Women's First Division,359,10011,TXStablePriceDemargined,6130
Mauritania,Cup,50943,10011,TXStablePriceDemargined,479
Mauritania,Division 2,50880,10011,TXStablePriceDemargined,142
Mauritania,Premier League,592,10011,TXStablePriceDemargined,74934
Mexico,Copa Conecta,10005984,10011,TXStablePriceDemargined,15477
Mexico,Copa Promesas MX,10017184,10011,TXStablePriceDemargined,4527
Mexico,Liga MX,155,10011,TXStablePriceDemargined,3898069
Mexico,Liga MX Femenil,1668,10011,TXStablePriceDemargined,2225284
Mexico,Liga MX U19,10018099,10011,TXStablePriceDemargined,63135
Mexico,Liga MX U19 Femenil,10016785,10011,TXStablePriceDemargined,1487
Mexico,Liga MX U21,10022112,10011,TXStablePriceDemargined,342917
Mexico,Liga Premier Seria A,1153,10011,TXStablePriceDemargined,1462857
Mexico,Liga Premier Serie B,1851,10011,TXStablePriceDemargined,152928
Mexico,Liga TDP,10005805,10011,TXStablePriceDemargined,883038
Mexico,Liga de Expansion MX,156,10011,TXStablePriceDemargined,1796486
Moldova,Cupa,193,10011,TXStablePriceDemargined,43810
Moldova,Play-offs 1/2,10007610,10011,TXStablePriceDemargined,1579
Moldova,Super Liga,80,10011,TXStablePriceDemargined,203090
Mongolia,Premier League,956,10011,TXStablePriceDemargined,60750
Montenegro,Cup,446,10011,TXStablePriceDemargined,9777
Montenegro,First League,445,10011,TXStablePriceDemargined,190588
Montenegro,Second League,566,10011,TXStablePriceDemargined,84740
Montenegro,U19 League,10000254,10011,TXStablePriceDemargined,7896
Morocco,Botola 2,474,10011,TXStablePriceDemargined,244881
Morocco,Botola Pro,209,10011,TXStablePriceDemargined,631844
Morocco,Cup,724,10011,TXStablePriceDemargined,53207
Morocco,Division 1 Feminin,10002685,10011,TXStablePriceDemargined,4298
Mozambique,Mocambola,810,10011,TXStablePriceDemargined,18290
Myanmar,League 2,50859,10011,TXStablePriceDemargined,51867
Myanmar,National League,791,10011,TXStablePriceDemargined,361419
Myanmar,National League Women,50855,10011,TXStablePriceDemargined,24478
Myanmar,U21 League,50861,10011,TXStablePriceDemargined,115679
Nepal,National League,10024296,10011,TXStablePriceDemargined,411
New Zealand,Chatham Cup,1122,10011,TXStablePriceDemargined,22853
New Zealand,NRFL Premier Division,50397,10011,TXStablePriceDemargined,1736
New Zealand,National League,1496,10011,TXStablePriceDemargined,941254
New Zealand,National Women's League,1497,10011,TXStablePriceDemargined,86387
Nicaragua,Copa Nicaragua,2060,10011,TXStablePriceDemargined,1190
Nicaragua,Primera Division,351,10011,TXStablePriceDemargined,228604
Niger,Ligue 1,896,10011,TXStablePriceDemargined,545
Nigeria,Cup,50828,10011,TXStablePriceDemargined,753
Nigeria,NPFL,296,10011,TXStablePriceDemargined,470243
Nigeria,National League,10002307,10011,TXStablePriceDemargined,2602
Nigeria,Nigeria League Women,10001684,10011,TXStablePriceDemargined,90
North America,CONCACAF Caribbean Club Shield,1861,10011,TXStablePriceDemargined,11956
North America,CONCACAF Caribbean Cup,704,10011,TXStablePriceDemargined,131464
North America,CONCACAF Central American Cup,10009016,10011,TXStablePriceDemargined,291881
North America,CONCACAF Champions Cup,255,10011,TXStablePriceDemargined,634501
North America,CONCACAF Women's Champions Cup,10017891,10011,TXStablePriceDemargined,93504
North America,Campeones Cup,1729,10011,TXStablePriceDemargined,9736
North America,Leagues Cup,10009088,10011,TXStablePriceDemargined,532056
North Macedonia,Cup,272,10011,TXStablePriceDemargined,44706
North Macedonia,First League,65,10011,TXStablePriceDemargined,468518
North Macedonia,Mladinska Super liga,10019584,10011,TXStablePriceDemargined,1443
North Macedonia,Prva ZFL,1578,10011,TXStablePriceDemargined,538
North Macedonia,Second League,361,10011,TXStablePriceDemargined,48642
Northern Ireland,Championship,310,10011,TXStablePriceDemargined,17816
Northern Ireland,Championship Women,802,10011,TXStablePriceDemargined,68768
Northern Ireland,County Antrim Shield,1263,10011,TXStablePriceDemargined,10285
Northern Ireland,FA Cup Women,765,10011,TXStablePriceDemargined,76
Northern Ireland,Irish Cup,313,10011,TXStablePriceDemargined,31981
Northern Ireland,League Cup,311,10011,TXStablePriceDemargined,6625
Northern Ireland,Mid Ulster Cup,50364,10011,TXStablePriceDemargined,3
Northern Ireland,Play-offs 1/2,994,10011,TXStablePriceDemargined,23
Northern Ireland,Premier League Women,334,10011,TXStablePriceDemargined,5526
Northern Ireland,Premiership,78,10011,TXStablePriceDemargined,325900
Northern Ireland,Premiership Development League,1491,10011,TXStablePriceDemargined,74510
Norway,1. Division,36,10011,TXStablePriceDemargined,1148907
Norway,1. Division Women,325,10011,TXStablePriceDemargined,26989
Norway,2. Division,503,10011,TXStablePriceDemargined,854387
Norway,3. Division,1005,10011,TXStablePriceDemargined,1032823
Norway,Eliteserien,29,10011,TXStablePriceDemargined,2479751
Norway,NM Cupen,182,10011,TXStablePriceDemargined,378380
Norway,NM Cupen U19,1702,10011,TXStablePriceDemargined,43533
Norway,NM Cupen Women,374,10011,TXStablePriceDemargined,47118
Norway,Nasjonal U19 Champions League,1897,10011,TXStablePriceDemargined,180028
Norway,OBOS Supercup,10013710,10011,TXStablePriceDemargined,26651
Norway,Play-offs 1/2,999,10011,TXStablePriceDemargined,18824
Norway,Play-offs 1/2 Women,475,10011,TXStablePriceDemargined,9038
Norway,Play-offs 2/3,1642,10011,TXStablePriceDemargined,8877
Norway,Toppserien,289,10011,TXStablePriceDemargined,376144
Norway,U19 Interkrets,50087,10011,TXStablePriceDemargined,151117
Norway,U19 Interkrets II,10004414,10011,TXStablePriceDemargined,125054
Oceania,OFC World Cup Qualification Women,10026284,10011,TXStablePriceDemargined,3329
Oceania Cup,OFC Pro League,10023166,10011,TXStablePriceDemargined,365989
Oman,1st Division,50676,10011,TXStablePriceDemargined,61248
Oman,Professional League,377,10011,TXStablePriceDemargined,764450
Oman,Professional League Cup,50091,10011,TXStablePriceDemargined,176779
Oman,Sultan Cup,868,10011,TXStablePriceDemargined,145626
Oman,U21 Championship,50829,10011,TXStablePriceDemargined,45246
Panama,LFF,10007607,10011,TXStablePriceDemargined,10088
Panama,LFN,10022817,10011,TXStablePriceDemargined,6494
Panama,LPF,525,10011,TXStablePriceDemargined,320819
Panama,Liga Prom,1259,10011,TXStablePriceDemargined,163502
Paraguay,Campeonato Femenino,10009107,10011,TXStablePriceDemargined,35973
Paraguay,Copa Paraguay,1795,10011,TXStablePriceDemargined,158624
Paraguay,Copa Paraguay FEM,10023605,10011,TXStablePriceDemargined,1218
Paraguay,Copa eFe,10018505,10011,TXStablePriceDemargined,3
Paraguay,Division Intermedia,546,10011,TXStablePriceDemargined,620937
Paraguay,Division Profesional,157,10011,TXStablePriceDemargined,1531500
Paraguay,Play-offs 2/3,10012459,10011,TXStablePriceDemargined,442
Paraguay,Primera Division B,10002401,10011,TXStablePriceDemargined,50857
Paraguay,Primera Division C,10010584,10011,TXStablePriceDemargined,757
Paraguay,Primera Reserves,50094,10011,TXStablePriceDemargined,731698
Paraguay,Supercopa,10005933,10011,TXStablePriceDemargined,5540
Peru,Campeonato Nacional Women,50932,10011,TXStablePriceDemargined,9087
Peru,Liga 3,10020186,10011,TXStablePriceDemargined,3627
Peru,Primera Division,158,10011,TXStablePriceDemargined,1822611
Peru,Segunda Division,439,10011,TXStablePriceDemargined,340694
Philippines,PFL,1526,10011,TXStablePriceDemargined,175251
Philippines,UAAP,50099,10011,TXStablePriceDemargined,21766
Poland,Central Youth League,1197,10011,TXStablePriceDemargined,204301
Poland,Cup,191,10011,TXStablePriceDemargined,406624
Poland,Ekstraklasa,119,10011,TXStablePriceDemargined,2623724
Poland,Ekstraliga Women,356,10011,TXStablePriceDemargined,238526
Poland,I Liga,120,10011,TXStablePriceDemargined,1846938
Poland,I Liga Women,662,10011,TXStablePriceDemargined,16601
Poland,II Liga,558,10011,TXStablePriceDemargined,1158026
Poland,III Liga,647,10011,TXStablePriceDemargined,1663879
Poland,IV Liga,10005232,10011,TXStablePriceDemargined,119123
Poland,Women's Cup,1629,10011,TXStablePriceDemargined,31491
Portugal,Campeonato Nacional,101,10011,TXStablePriceDemargined,216570
Portugal,Campeonato Nacional U23,1825,10011,TXStablePriceDemargined,1680136
Portugal,Feminino 1a Divisao,355,10011,TXStablePriceDemargined,85529
Portugal,Juniores 2 Division U19,50294,10011,TXStablePriceDemargined,4
Portugal,Juniores U19,1076,10011,TXStablePriceDemargined,535451
Portugal,Liga 3,10004402,10011,TXStablePriceDemargined,1147118
Portugal,Play-offs 1/2,1359,10011,TXStablePriceDemargined,13483
Portugal,Primeira Liga,63,10011,TXStablePriceDemargined,3808605
Portugal,Segunda Liga,100,10011,TXStablePriceDemargined,2105625
Portugal,Super Cup Women,1618,10011,TXStablePriceDemargined,4034
Portugal,Taca Revelacao U23,1902,10011,TXStablePriceDemargined,65586
Portugal,Taca da Liga,640,10011,TXStablePriceDemargined,104391
Portugal,Taca da Liga Feminina,10002000,10011,TXStablePriceDemargined,41446
Portugal,Taca de Portugal,102,10011,TXStablePriceDemargined,550697
Portugal,Women's Cup,1736,10011,TXStablePriceDemargined,21813
Puerto Rico,LNFPR First Division,731,10011,TXStablePriceDemargined,29894
Qatar,Emir Cup,726,10011,TXStablePriceDemargined,106439
Qatar,Olympic League,10011131,10011,TXStablePriceDemargined,475894
Qatar,Play-offs 1/2,1024,10011,TXStablePriceDemargined,5247
Qatar,QSL Cup,875,10011,TXStablePriceDemargined,752498
Qatar,Second Division,697,10011,TXStablePriceDemargined,140307
Qatar,Stars League,215,10011,TXStablePriceDemargined,1017442
Qatar,U19 League,50858,10011,TXStablePriceDemargined,304512
Romania,Cupa României,192,10011,TXStablePriceDemargined,472874
Romania,Cupa României Feminin,1224,10011,TXStablePriceDemargined,62071
Romania,Liga I,85,10011,TXStablePriceDemargined,2450452
Romania,Liga I Feminin,682,10011,TXStablePriceDemargined,85747
Romania,Liga II,159,10011,TXStablePriceDemargined,1604624
Romania,Liga II Feminin,10005485,10011,TXStablePriceDemargined,1009
Romania,Liga III,565,10011,TXStablePriceDemargined,214628
Romania,Play-offs 1/2,1474,10011,TXStablePriceDemargined,72
Russia,Cup,190,10011,TXStablePriceDemargined,709707
Russia,FNL,122,10011,TXStablePriceDemargined,1272856
Russia,III Division,805,10011,TXStablePriceDemargined,21
Russia,Play-offs 1/2,1035,10011,TXStablePriceDemargined,27306
Russia,Premier League,121,10011,TXStablePriceDemargined,1781372
Russia,Second League A,10009995,10011,TXStablePriceDemargined,23217
Russia,Second League B,10014884,10011,TXStablePriceDemargined,6417
Russia,Supreme Division Women,381,10011,TXStablePriceDemargined,37109
Russia,Women's Cup,419,10011,TXStablePriceDemargined,5907
Russia,Youth Championship,1087,10011,TXStablePriceDemargined,132218
Rwanda,Championship Women,50867,10011,TXStablePriceDemargined,1
Rwanda,Cup,50102,10011,TXStablePriceDemargined,9793
Rwanda,National Soccer League,781,10011,TXStablePriceDemargined,319382
Rwanda,Second Division League,50856,10011,TXStablePriceDemargined,4
San Marino,Campionato,160,10011,TXStablePriceDemargined,101813
San Marino,Coppa Titano,479,10011,TXStablePriceDemargined,22739
San Marino,Super Cup,1079,10011,TXStablePriceDemargined,3531
Saudi Arabia,Division 1,573,10011,TXStablePriceDemargined,1392881
Saudi Arabia,Division 2,669,10011,TXStablePriceDemargined,293541
Saudi Arabia,Elite League U21,50281,10011,TXStablePriceDemargined,322435
Saudi Arabia,King's Cup,799,10011,TXStablePriceDemargined,231756
Saudi Arabia,Pro League,216,10011,TXStablePriceDemargined,3626357
Saudi Arabia,SAFF Women's Cup,10013509,10011,TXStablePriceDemargined,1699
Saudi Arabia,Super Cup,1158,10011,TXStablePriceDemargined,29845
Saudi Arabia,Women's Premier League,10011110,10011,TXStablePriceDemargined,27967
Scotland,Aberdeenshire Shield,10008387,10011,TXStablePriceDemargined,1069
Scotland,Challenge Cup,314,10011,TXStablePriceDemargined,533446
Scotland,Championship,45,10011,TXStablePriceDemargined,730933
Scotland,Highland League Cup,10008723,10011,TXStablePriceDemargined,416
Scotland,League Cup,176,10011,TXStablePriceDemargined,109975
Scotland,League One,46,10011,TXStablePriceDemargined,441820
Scotland,League Two,47,10011,TXStablePriceDemargined,427936
Scotland,Lowland League Cup,10006697,10011,TXStablePriceDemargined,3829
Scotland,North of Scotland Cup,1956,10011,TXStablePriceDemargined,2955
Scotland,Play-offs 1/2,929,10011,TXStablePriceDemargined,43076
Scotland,Play-offs 2/3,421,10011,TXStablePriceDemargined,27106
Scotland,Play-offs 3/4,930,10011,TXStablePriceDemargined,21270
Scotland,Play-offs 4/5,1437,10011,TXStablePriceDemargined,7732
Scotland,Premiership,43,10011,TXStablePriceDemargined,2302871
Scotland,SWF Scottish Cup,719,10011,TXStablePriceDemargined,3511
Scotland,SWPL,346,10011,TXStablePriceDemargined,224014
Scotland,SWPL 2,1460,10011,TXStablePriceDemargined,22304
Scotland,SWPL Cup,652,10011,TXStablePriceDemargined,15828
Scotland,Scottish Cup,175,10011,TXStablePriceDemargined,269392
Scotland,Scottish Football League,1157,10011,TXStablePriceDemargined,144791
Scotland,South Challenge Cup,1957,10011,TXStablePriceDemargined,770
Scotland,Women's Play-offs 1/2,10000234,10011,TXStablePriceDemargined,31
Senegal,FA Cup,50444,10011,TXStablePriceDemargined,9
Senegal,Ligue 1,909,10011,TXStablePriceDemargined,44219
Senegal,Ligue 2,50594,10011,TXStablePriceDemargined,2214
Serbia,Cup,443,10011,TXStablePriceDemargined,130291
Serbia,Cup Women,50878,10011,TXStablePriceDemargined,2488
Serbia,Prva Liga,441,10011,TXStablePriceDemargined,615730
Serbia,Srpska Liga,442,10011,TXStablePriceDemargined,17
Serbia,Super Liga,440,10011,TXStablePriceDemargined,1339801
Serbia,Super Liga Zene,444,10011,TXStablePriceDemargined,7243
Serbia,U19 League,50297,10011,TXStablePriceDemargined,225790
Seychelles,Premier League,10005938,10011,TXStablePriceDemargined,6077
Seychelles,Premier League Tournament,10023163,10011,TXStablePriceDemargined,125
Sierra Leone,Premier League,920,10011,TXStablePriceDemargined,13886
Singapore,NFL,50105,10011,TXStablePriceDemargined,3668
Singapore,Premier League,137,10011,TXStablePriceDemargined,187763
Singapore,Premier League 2,10022291,10011,TXStablePriceDemargined,70177
Singapore,Singapore Cup,743,10011,TXStablePriceDemargined,30641
Slovakia,2. liga,124,10011,TXStablePriceDemargined,931132
Slovakia,3. liga,644,10011,TXStablePriceDemargined,313333
Slovakia,Cup,183,10011,TXStablePriceDemargined,334203
Slovakia,Cup Women,50106,10011,TXStablePriceDemargined,5086
Slovakia,I Liga Zeny,352,10011,TXStablePriceDemargined,102280
Slovakia,Play-offs 1/2,1712,10011,TXStablePriceDemargined,16632
Slovakia,Super Liga,123,10011,TXStablePriceDemargined,872291
Slovakia,U19 League,1220,10011,TXStablePriceDemargined,347583
Slovenia,1. Mladinska Liga,10000395,10011,TXStablePriceDemargined,311259
Slovenia,1. SNL,86,10011,TXStablePriceDemargined,804980
Slovenia,1. Zenska Liga,343,10011,TXStablePriceDemargined,9413
Slovenia,2. SNL,299,10011,TXStablePriceDemargined,771816
Slovenia,3. SNL,630,10011,TXStablePriceDemargined,110624
Slovenia,Cup,185,10011,TXStablePriceDemargined,240985
Slovenia,Zenski Pokal,685,10011,TXStablePriceDemargined,260
Solomon Islands,S-League,892,10011,TXStablePriceDemargined,10124
South Africa,1st Division,526,10011,TXStablePriceDemargined,144568
South Africa,2nd Division,10005786,10011,TXStablePriceDemargined,3575
South Africa,8 Cup,866,10011,TXStablePriceDemargined,21903
South Africa,Cup,277,10011,TXStablePriceDemargined,66708
South Africa,Diski Challenge,2062,10011,TXStablePriceDemargined,350084
South Africa,League Cup,793,10011,TXStablePriceDemargined,27933
South Africa,PSL,214,10011,TXStablePriceDemargined,986278
South Africa,Sasol Women's League,10006603,10011,TXStablePriceDemargined,14
South Africa,Super League Women,50883,10011,TXStablePriceDemargined,15597
South Africa,Varsity Football Challenge,50318,10011,TXStablePriceDemargined,8
South America,Copa Libertadores,241,10011,TXStablePriceDemargined,1863452
South America,Copa Libertadores Femenina,770,10011,TXStablePriceDemargined,155204
South America,Copa Libertadores U20,1038,10011,TXStablePriceDemargined,103038
South America,Copa Sudamericana,297,10011,TXStablePriceDemargined,1561297
South America,Recopa Sudamericana,345,10011,TXStablePriceDemargined,24542
South America,Serie Rio de La Plata,10013587,10011,TXStablePriceDemargined,142158
South Korea," K- League Super Cup",10025684,10011,TXStablePriceDemargined,1695
South Korea,FA Cup,564,10011,TXStablePriceDemargined,44090
South Korea,K League 1,136,10011,TXStablePriceDemargined,2092444
South Korea,K League 2,1110,10011,TXStablePriceDemargined,1714195
South Korea,K3 League,616,10011,TXStablePriceDemargined,841757
South Korea,K4 League,618,10011,TXStablePriceDemargined,199521
South Korea,Play-offs 1/2,1184,10011,TXStablePriceDemargined,58653
South Korea,Play-offs 3/4,10000230,10011,TXStablePriceDemargined,39603
South Korea,WK-League,725,10011,TXStablePriceDemargined,98312
Spain,Autonomicas,1914,10011,TXStablePriceDemargined,23960
Spain,Copa Catalunya,1244,10011,TXStablePriceDemargined,97154
Spain,Copa Catalunya Femenina,1842,10011,TXStablePriceDemargined,6563
Spain,Copa Federacion,720,10011,TXStablePriceDemargined,108666
Spain,Copa de la Reina,1069,10011,TXStablePriceDemargined,242887
Spain,Copa del Rey,138,10011,TXStablePriceDemargined,1068269
Spain,Copa del Rey Juvenil,1234,10011,TXStablePriceDemargined,100789
Spain,Division de Honor Juvenil,1258,10011,TXStablePriceDemargined,1366783
Spain,Primera Division RFEF,98,10011,TXStablePriceDemargined,3205470
Spain,Primera Division Women,287,10011,TXStablePriceDemargined,1100693
Spain,Primera División,7,10011,TXStablePriceDemargined,6218000
Spain,Primera Federacion Femenina,10008287,10011,TXStablePriceDemargined,270136
Spain,Segunda Division RFEF,10003984,10011,TXStablePriceDemargined,5548701
Spain,Segunda División,12,10011,TXStablePriceDemargined,5120337
Spain,Segunda Federacion Femenina,1964,10011,TXStablePriceDemargined,172637
Spain,Super Cup,186,10011,TXStablePriceDemargined,71104
Spain,Supercopa Femenina,1961,10011,TXStablePriceDemargined,13998
Spain,Tercera Division,569,10011,TXStablePriceDemargined,5280620
Spain,Tercera Federacion Femenina,688,10011,TXStablePriceDemargined,14084
St. Kitts and Nevis,Premier Division,528,10011,TXStablePriceDemargined,5722
Suriname,Suriname Major League,469,10011,TXStablePriceDemargined,3682
Sweden,Allsvenskan,28,10011,TXStablePriceDemargined,1818151
Sweden,Damallsvenskan,291,10011,TXStablePriceDemargined,444125
Sweden,Div 2 Play-offs,50566,10011,TXStablePriceDemargined,14365
Sweden,Division 2,502,10011,TXStablePriceDemargined,1540459
Sweden,Elitettan Women,324,10011,TXStablePriceDemargined,104106
Sweden,Ettan,427,10011,TXStablePriceDemargined,1414544
Sweden,Play-offs 1/2,967,10011,TXStablePriceDemargined,19519
Sweden,Play-offs 2/3,968,10011,TXStablePriceDemargined,32352
Sweden,Play-offs 3/4,1856,10011,TXStablePriceDemargined,15864
Sweden,Superettan,37,10011,TXStablePriceDemargined,1401764
Sweden,Svenska Cupen,180,10011,TXStablePriceDemargined,512585
Sweden,Svenska Cupen Women,373,10011,TXStablePriceDemargined,51465
Sweden,U21 League,1064,10011,TXStablePriceDemargined,65388
Sweden,Women's Play-offs 1/2,10008338,10011,TXStablePriceDemargined,9962
Switzerland,1. Liga Classic,554,10011,TXStablePriceDemargined,260505
Switzerland,1. Liga Promotion,1043,10011,TXStablePriceDemargined,359864
Switzerland,2. Liga Interregional,648,10011,TXStablePriceDemargined,1747
Switzerland,Challenge League,99,10011,TXStablePriceDemargined,1155488
Switzerland,Erste Liga Cup,10000385,10011,TXStablePriceDemargined,56
Switzerland,Nationalliga A Women,340,10011,TXStablePriceDemargined,13741
Switzerland,Nationalliga B Women,462,10011,TXStablePriceDemargined,1077
Switzerland,Schweizer Pokal,114,10011,TXStablePriceDemargined,149622
Switzerland,Schweizer Pokal Frauen,673,10011,TXStablePriceDemargined,324
Switzerland,Super League,27,10011,TXStablePriceDemargined,2487759
Switzerland,U19 Elite,10010004,10011,TXStablePriceDemargined,51258
Syria,Premier League,212,10011,TXStablePriceDemargined,1722
Tajikistan,Vysshaya Liga,796,10011,TXStablePriceDemargined,8084
Tanzania,Championship League,10002389,10011,TXStablePriceDemargined,7215
Tanzania,Cup,10001997,10011,TXStablePriceDemargined,634
Tanzania,Ligi kuu Bara,857,10011,TXStablePriceDemargined,178733
Thailand,FA Cup,1151,10011,TXStablePriceDemargined,175777
Thailand,League Cup,1319,10011,TXStablePriceDemargined,208300
Thailand,Thai League 1,519,10011,TXStablePriceDemargined,1638437
Thailand,Thai League 2,782,10011,TXStablePriceDemargined,1409538
Thailand,Thai League 3,1520,10011,TXStablePriceDemargined,64723
Thailand,Thai League 3 Cup,10012410,10011,TXStablePriceDemargined,63326
Thailand,Thai Women's League 1,10000552,10011,TXStablePriceDemargined,5
Thailand,U21 Thai League,10023085,10011,TXStablePriceDemargined,160789
Togo,Championnat National,712,10011,TXStablePriceDemargined,15005
Trinidad And Tobago,TT Premier League,465,10011,TXStablePriceDemargined,71665
Tunisia,Cup,709,10011,TXStablePriceDemargined,93011
Tunisia,Ligue 1,210,10011,TXStablePriceDemargined,863257
Tunisia,Ligue 2,649,10011,TXStablePriceDemargined,175703
Tunisia,Super Cup,10003790,10011,TXStablePriceDemargined,1201
Turkey,1. Lig,97,10011,TXStablePriceDemargined,2378607
Turkey,2. Lig,562,10011,TXStablePriceDemargined,1567840
Turkey,3. Lig,654,10011,TXStablePriceDemargined,998871
Turkey,Cup,172,10011,TXStablePriceDemargined,1230574
Turkey,Kadin 1. Ligi,10008608,10011,TXStablePriceDemargined,22485
Turkey,Kadinlar Ligi,615,10011,TXStablePriceDemargined,180160
Turkey,Super Cup,452,10011,TXStablePriceDemargined,44657
Turkey,Super Lig,19,10011,TXStablePriceDemargined,3868983
Turkey,U19 2. Lig,50691,10011,TXStablePriceDemargined,100040
Turkey,U19 Elit A,1168,10011,TXStablePriceDemargined,701859
USA,MLS,33,10011,TXStablePriceDemargined,4433422
USA,MLS Next Pro,10006701,10011,TXStablePriceDemargined,1455313
USA,NISA Pro Cup,10023126,10011,TXStablePriceDemargined,4
USA,NPSL,1726,10011,TXStablePriceDemargined,2535
USA,NWSL,1129,10011,TXStablePriceDemargined,449605
USA,UPSL,50725,10011,TXStablePriceDemargined,2975
USA,US Open Cup,550,10011,TXStablePriceDemargined,556974
USA,USA College Championship,50314,10011,TXStablePriceDemargined,8
USA,USL Championship,1133,10011,TXStablePriceDemargined,1259987
USA,USL Cup,10015587,10011,TXStablePriceDemargined,199417
USA,USL League One,1859,10011,TXStablePriceDemargined,558759
USA,USL League Two,522,10011,TXStablePriceDemargined,192411
USA,USL Super League Women,10017885,10011,TXStablePriceDemargined,276281
USA,USL W League,10007202,10011,TXStablePriceDemargined,1537
USA,WPSL,1764,10011,TXStablePriceDemargined,4168
Uganda,2nd Division,50124,10011,TXStablePriceDemargined,1006
Uganda,Cup,1681,10011,TXStablePriceDemargined,33306
Uganda,Super 8,50907,10011,TXStablePriceDemargined,3411
Uganda,Super League,50931,10011,TXStablePriceDemargined,512
Uganda,Uganda Premier League,1105,10011,TXStablePriceDemargined,699993
Ukraine,Cup,188,10011,TXStablePriceDemargined,106340
Ukraine,Druha Liga,559,10011,TXStablePriceDemargined,35
Ukraine,Persha Liga,233,10011,TXStablePriceDemargined,224284
Ukraine,Premier League,125,10011,TXStablePriceDemargined,1474848
Ukraine,Premier League Women,939,10011,TXStablePriceDemargined,1
Ukraine,U19 League,1077,10011,TXStablePriceDemargined,42
United Arab Emirates,Arabian Gulf League,344,10011,TXStablePriceDemargined,1554381
United Arab Emirates,Division 1,574,10011,TXStablePriceDemargined,898824
United Arab Emirates,FA Cup,1379,10011,TXStablePriceDemargined,8476
United Arab Emirates,League Cup,678,10011,TXStablePriceDemargined,156238
United Arab Emirates,Presidents Cup,679,10011,TXStablePriceDemargined,128695
United Arab Emirates,Pro League U23,1090,10011,TXStablePriceDemargined,470448
United Arab Emirates,Super Cup,763,10011,TXStablePriceDemargined,8479
United Arab Emirates,Super Cup U21,10027784,10011,TXStablePriceDemargined,1756
United Arab Emirates,U19 Cup,50561,10011,TXStablePriceDemargined,31425
United Arab Emirates,U19 League,1235,10011,TXStablePriceDemargined,125153
United Arab Emirates,U21 Cup,50847,10011,TXStablePriceDemargined,61253
United Arab Emirates,Youth League,1421,10011,TXStablePriceDemargined,459538
Uruguay,Campeonato Femenino,1137,10011,TXStablePriceDemargined,841
Uruguay,Copa Nacional de Selecciones,10008812,10011,TXStablePriceDemargined,33713
Uruguay,Copa Uruguay,10000228,10011,TXStablePriceDemargined,93937
Uruguay,Copa de la Liga,10024292,10011,TXStablePriceDemargined,103747
Uruguay,Primera Division,162,10011,TXStablePriceDemargined,1563874
Uruguay,Primera Division Amateur,1180,10011,TXStablePriceDemargined,13338
Uruguay,Segunda División,532,10011,TXStablePriceDemargined,527430
Uruguay,Super Copa,1660,10011,TXStablePriceDemargined,1948
Uruguay,Uruguay Reserve League,50127,10011,TXStablePriceDemargined,955947
Uzbekistan,Championship Women,50919,10011,TXStablePriceDemargined,3
Uzbekistan,Cup,786,10011,TXStablePriceDemargined,171318
Uzbekistan,Play-offs 1/2,1457,10011,TXStablePriceDemargined,16517
Uzbekistan,Pro League A,614,10011,TXStablePriceDemargined,74951
Uzbekistan,Super Cup,1331,10011,TXStablePriceDemargined,399
Uzbekistan,Super League,494,10011,TXStablePriceDemargined,1108523
Venezuela,Copa Venezuela,650,10011,TXStablePriceDemargined,97387
Venezuela,Primera Division,163,10011,TXStablePriceDemargined,933049
Venezuela,Segunda Division,507,10011,TXStablePriceDemargined,530481
Vietnam,Cup,882,10011,TXStablePriceDemargined,80565
Vietnam,Second Division,1344,10011,TXStablePriceDemargined,94340
Vietnam,Super Cup,1268,10011,TXStablePriceDemargined,2151
Vietnam,U19 Championship,1326,10011,TXStablePriceDemargined,134009
Vietnam,U19 Women's Championship,10000270,10011,TXStablePriceDemargined,44390
Vietnam,U21 Championship,1411,10011,TXStablePriceDemargined,172
Vietnam,V.League 1,234,10011,TXStablePriceDemargined,908157
Vietnam,V.League 2,598,10011,TXStablePriceDemargined,465259
Vietnam,Women's National Cup,1928,10011,TXStablePriceDemargined,45475
Vietnam,Women's National League,1305,10011,TXStablePriceDemargined,85217
Wales,Feeder Leagues,309,10011,TXStablePriceDemargined,567174
Wales,League Cup,260,10011,TXStablePriceDemargined,70778
Wales,Premier League,74,10011,TXStablePriceDemargined,733665
Wales,Welsh Cup,259,10011,TXStablePriceDemargined,26273
Wales,Welsh Premier Women's League,1575,10011,TXStablePriceDemargined,28501
Zambia,Super League,495,10011,TXStablePriceDemargined,98831
Zanzibar,FA Cup,10013712,10011,TXStablePriceDemargined,1
Zanzibar,PBZ Premier League,10002895,10011,TXStablePriceDemargined,27898
Zimbabwe,Premier Soccer League,496,10011,TXStablePriceDemargined,7980
